customer_id,churn_date,disconnect_type,reason,zip,competitor_in_zip
C0008714,2026-03-23,voluntary,service_quality,49965,1
C0006226,2026-01-15,non_payment,collections_writeoff,14200,0
C0041666,2026-01-04,non_payment,collections_writeoff,28094,1
C0048662,2026-02-05,voluntary,price_too_high,85846,1
C0049756,2026-02-01,voluntary,price_too_high,58060,1
C0021775,2026-01-29,voluntary,service_quality,24665,1
C0037535,2026-01-18,voluntary,price_too_high,71061,1
C0018168,2026-01-14,non_payment,collections_writeoff,75244,0
C0004377,2026-03-28,non_payment,collections_writeoff,49849,0
C0037392,2026-03-11,voluntary,competitor_fiber,38666,0
C0039857,2026-01-12,non_payment,collections_writeoff,97554,0
C0038589,2026-03-17,voluntary,price_too_high,48002,0
C0019080,2026-02-24,voluntary,price_too_high,72611,1
C0041287,2026-01-05,voluntary,price_too_high,92139,1
C0045159,2026-01-04,non_payment,collections_writeoff,39460,0
C0026599,2026-01-12,non_payment,collections_writeoff,70434,0
C0033228,2026-01-28,voluntary,moved_to_competitor_5g,99034,1
C0001863,2026-01-30,non_payment,collections_writeoff,97554,0
C0031650,2026-03-06,voluntary,price_too_high,94681,1
C0011614,2026-03-19,voluntary,competitor_fiber,14644,0
C0010601,2026-01-04,voluntary,competitor_fiber,14493,1
C0033823,2026-03-13,non_payment,collections_writeoff,14493,1
C0046659,2026-01-26,voluntary,competitor_fiber,39262,0
C0031636,2026-03-25,voluntary,moved_to_competitor_5g,99082,1
C0027438,2026-03-31,relocation,moved_out_of_footprint,32768,1
C0049963,2026-03-11,voluntary,competitor_fiber,58060,1
C0041112,2026-02-23,non_payment,collections_writeoff,34955,1
C0003481,2026-01-29,voluntary,moved_to_competitor_5g,44145,0
C0019279,2026-02-27,involuntary,terms_violation,71413,0
C0033898,2026-03-17,voluntary,service_quality,92139,1
C0033574,2026-02-05,voluntary,service_quality,84437,0
C0015176,2026-01-01,voluntary,service_quality,64810,1
C0020573,2026-01-21,relocation,moved_out_of_footprint,81299,0
C0046654,2026-03-31,relocation,moved_out_of_footprint,63651,0
C0017831,2026-02-24,voluntary,competitor_fiber,34725,1
C0018944,2026-02-13,non_payment,collections_writeoff,25464,1
C0001157,2026-02-05,non_payment,collections_writeoff,34200,1
C0040906,2026-01-20,involuntary,deceased,50623,0
C0046818,2026-01-28,relocation,moved_out_of_footprint,80363,1
C0036209,2026-02-13,voluntary,competitor_fiber,14644,0
C0022899,2026-01-14,non_payment,collections_writeoff,11957,0
C0043017,2026-01-12,non_payment,collections_writeoff,25464,1
C0021128,2026-02-18,voluntary,service_quality,38864,0
C0036850,2026-01-13,voluntary,competitor_fiber,89248,0
C0034287,2026-02-15,voluntary,competitor_fiber,37754,1
C0027130,2026-02-14,non_payment,collections_writeoff,21747,1
C0030433,2026-03-19,non_payment,collections_writeoff,70755,1
C0027682,2026-02-03,involuntary,deceased,82565,1
C0041520,2026-01-06,non_payment,collections_writeoff,89248,0
C0018491,2026-02-28,non_payment,collections_writeoff,58648,0
C0006978,2026-03-10,involuntary,deceased,34200,1
C0001657,2026-01-16,involuntary,deceased,58648,0
C0038634,2026-02-18,non_payment,collections_writeoff,74546,1
C0029982,2026-01-11,non_payment,collections_writeoff,96952,0
C0029888,2026-03-12,voluntary,service_quality,23394,0
C0036061,2026-02-07,non_payment,collections_writeoff,96434,0
C0047210,2026-03-22,voluntary,competitor_fiber,99577,0
C0009597,2026-03-21,voluntary,competitor_fiber,71094,0
C0019343,2026-02-16,voluntary,service_quality,66347,0
C0036030,2026-03-15,non_payment,collections_writeoff,33823,0
C0028231,2026-01-25,non_payment,collections_writeoff,48002,0
C0002118,2026-01-09,involuntary,deceased,10348,1
C0023507,2026-01-06,involuntary,fraud,26270,0
C0017341,2026-03-26,non_payment,collections_writeoff,10348,1
C0028771,2026-01-30,voluntary,moved_to_competitor_5g,97554,0
C0018665,2026-02-07,non_payment,collections_writeoff,39262,0
C0039871,2026-01-11,non_payment,collections_writeoff,81021,0
C0019515,2026-01-30,voluntary,competitor_fiber,50859,1
C0022010,2026-01-13,non_payment,collections_writeoff,64874,0
C0045622,2026-02-18,involuntary,fraud,70755,1
C0009092,2026-02-05,voluntary,moved_to_competitor_5g,70434,0
C0042026,2026-02-28,voluntary,moved_to_competitor_5g,72904,0
C0034516,2026-03-23,voluntary,service_quality,36970,0
C0034829,2026-02-16,voluntary,service_quality,84155,0
C0016063,2026-01-21,voluntary,moved_to_competitor_5g,11957,0
C0023868,2026-02-17,voluntary,price_too_high,63402,0
C0046179,2026-02-15,voluntary,price_too_high,99179,0
C0013378,2026-01-27,non_payment,collections_writeoff,36970,0
C0011152,2026-03-27,non_payment,collections_writeoff,23394,0
C0011080,2026-02-04,non_payment,collections_writeoff,96473,1
C0036266,2026-03-31,non_payment,collections_writeoff,13234,0
C0048439,2026-03-29,non_payment,collections_writeoff,11957,0
C0025240,2026-03-24,non_payment,collections_writeoff,70755,1
C0040549,2026-01-10,voluntary,service_quality,91235,0
C0039082,2026-03-19,non_payment,collections_writeoff,72904,0
C0009889,2026-03-23,voluntary,service_quality,71061,1
C0003260,2026-01-22,voluntary,moved_to_competitor_5g,72611,1
C0010773,2026-03-10,voluntary,service_quality,12914,1
C0010547,2026-02-01,relocation,moved_out_of_footprint,99179,0
C0017547,2026-01-21,non_payment,collections_writeoff,95846,0
C0022411,2026-03-01,non_payment,collections_writeoff,65704,0
C0025487,2026-02-18,voluntary,price_too_high,38666,0
C0012676,2026-02-04,voluntary,competitor_fiber,39367,1
C0024764,2026-03-23,voluntary,price_too_high,14892,1
C0029470,2026-03-30,voluntary,competitor_fiber,21437,1
C0004777,2026-03-13,involuntary,deceased,32658,0
C0005757,2026-01-29,non_payment,collections_writeoff,21551,0
C0038122,2026-03-29,non_payment,collections_writeoff,20943,1
C0035136,2026-02-11,voluntary,service_quality,53486,0
C0010445,2026-01-08,voluntary,price_too_high,98559,1
C0007528,2026-01-30,voluntary,service_quality,22457,1
C0048636,2026-01-05,voluntary,competitor_fiber,70169,0
C0024144,2026-02-10,voluntary,competitor_fiber,54807,1
C0014317,2026-02-21,involuntary,terms_violation,48002,0
C0031121,2026-02-04,voluntary,competitor_fiber,84147,1
C0042553,2026-01-09,voluntary,price_too_high,36872,1
C0028422,2026-01-28,voluntary,price_too_high,44145,0
C0012885,2026-03-14,voluntary,competitor_fiber,69363,1
C0042092,2026-02-10,involuntary,fraud,44517,0
C0002614,2026-01-28,voluntary,service_quality,14493,1
C0009278,2026-03-25,voluntary,competitor_fiber,32768,1
C0030042,2026-03-05,voluntary,competitor_fiber,38666,0
C0033120,2026-02-20,non_payment,collections_writeoff,74521,0
C0015511,2026-03-24,voluntary,price_too_high,15642,0
C0014802,2026-02-28,non_payment,collections_writeoff,69374,0
C0014931,2026-01-19,non_payment,collections_writeoff,97173,0
C0003529,2026-02-03,voluntary,competitor_fiber,98559,1
C0033115,2026-01-18,voluntary,service_quality,92391,1
C0029143,2026-02-01,voluntary,moved_to_competitor_5g,59214,1
C0000200,2026-03-13,non_payment,collections_writeoff,17727,1
C0043993,2026-03-10,voluntary,service_quality,84147,1
C0013814,2026-02-03,voluntary,competitor_fiber,99034,1
C0043932,2026-03-16,relocation,moved_out_of_footprint,49849,0
C0034875,2026-02-24,voluntary,moved_to_competitor_5g,21931,1
C0043524,2026-03-16,non_payment,collections_writeoff,72611,1
C0013473,2026-02-21,involuntary,fraud,32658,0
C0048587,2026-02-16,voluntary,competitor_fiber,98559,1
C0028524,2026-01-29,relocation,moved_out_of_footprint,11967,0
C0026505,2026-01-18,non_payment,collections_writeoff,98559,1
C0018963,2026-03-07,non_payment,collections_writeoff,50550,0
C0001557,2026-03-05,involuntary,fraud,42052,0
C0039492,2026-01-12,non_payment,collections_writeoff,22726,1
C0006000,2026-01-07,voluntary,competitor_fiber,90631,1
C0042604,2026-01-15,voluntary,price_too_high,71226,0
C0026640,2026-01-20,non_payment,collections_writeoff,58915,1
C0012226,2026-03-22,non_payment,collections_writeoff,50859,1
C0037681,2026-01-21,involuntary,deceased,80363,1
C0009506,2026-03-29,non_payment,collections_writeoff,38047,1
C0037042,2026-02-24,voluntary,competitor_fiber,99082,1
C0001317,2026-03-18,voluntary,competitor_fiber,92374,1
C0001318,2026-01-09,non_payment,collections_writeoff,89248,0
C0038747,2026-02-19,non_payment,collections_writeoff,78102,0
C0035051,2026-02-18,relocation,moved_out_of_footprint,54807,1
C0036936,2026-03-18,non_payment,collections_writeoff,15712,0
C0042037,2026-03-01,involuntary,fraud,21864,1
C0012158,2026-03-09,non_payment,collections_writeoff,45413,0
C0013062,2026-02-02,non_payment,collections_writeoff,82925,0
C0001186,2026-03-12,non_payment,collections_writeoff,84185,0
C0023079,2026-01-02,non_payment,collections_writeoff,48002,0
C0036702,2026-03-29,non_payment,collections_writeoff,57943,1
C0024775,2026-01-15,voluntary,price_too_high,92139,1
C0026564,2026-03-29,non_payment,collections_writeoff,23394,0
C0005670,2026-03-10,involuntary,deceased,27636,1
C0018450,2026-02-04,relocation,moved_out_of_footprint,54807,1
C0032476,2026-03-24,voluntary,competitor_fiber,99820,1
C0012852,2026-02-13,voluntary,price_too_high,21864,1
C0040642,2026-01-15,non_payment,collections_writeoff,84437,0
C0025669,2026-02-07,non_payment,collections_writeoff,92391,1
C0030307,2026-02-25,non_payment,collections_writeoff,31397,0
C0035765,2026-01-21,voluntary,competitor_fiber,38047,1
C0046788,2026-02-28,voluntary,service_quality,54807,1
C0025023,2026-01-01,non_payment,collections_writeoff,55408,1
C0041287,2026-02-03,voluntary,competitor_fiber,92139,1
C0023389,2026-03-06,voluntary,moved_to_competitor_5g,90971,1
C0010183,2026-01-23,voluntary,competitor_fiber,44939,1
C0022709,2026-03-06,non_payment,collections_writeoff,55408,1
C0046619,2026-01-14,voluntary,service_quality,24944,0
C0038938,2026-03-22,voluntary,competitor_fiber,96473,1
C0046663,2026-02-08,non_payment,collections_writeoff,63905,1
C0020508,2026-03-23,voluntary,moved_to_competitor_5g,95873,0
C0001793,2026-03-06,non_payment,collections_writeoff,99820,1
C0033591,2026-03-19,voluntary,service_quality,36136,0
C0024890,2026-01-26,non_payment,collections_writeoff,22726,1
C0018363,2026-01-20,non_payment,collections_writeoff,35401,1
C0017108,2026-02-17,voluntary,price_too_high,85846,1
C0049308,2026-01-21,non_payment,collections_writeoff,57668,1
C0011182,2026-03-11,non_payment,collections_writeoff,96473,1
C0031065,2026-03-09,non_payment,collections_writeoff,25352,0
C0007285,2026-01-01,voluntary,moved_to_competitor_5g,90631,1
C0035970,2026-03-18,voluntary,service_quality,21747,1
C0030230,2026-02-11,involuntary,deceased,24944,0
C0046280,2026-03-04,non_payment,collections_writeoff,50550,0
C0013006,2026-01-03,voluntary,price_too_high,38864,0
C0026012,2026-01-15,voluntary,competitor_fiber,94681,1
C0003315,2026-02-16,non_payment,collections_writeoff,84338,1
C0000317,2026-02-09,non_payment,collections_writeoff,65058,0
C0013949,2026-01-31,non_payment,collections_writeoff,37608,1
C0040255,2026-01-08,non_payment,collections_writeoff,81021,0
C0025746,2026-01-31,voluntary,service_quality,59214,1
C0005711,2026-03-14,voluntary,competitor_fiber,92374,1
C0037007,2026-01-11,voluntary,service_quality,69363,1
C0040871,2026-01-11,non_payment,collections_writeoff,80959,0
C0017483,2026-03-04,non_payment,collections_writeoff,64745,0
C0045447,2026-01-09,involuntary,fraud,99034,1
C0029994,2026-03-10,voluntary,service_quality,50859,1
C0011052,2026-01-17,voluntary,service_quality,53616,0
C0047091,2026-01-17,voluntary,price_too_high,71934,0
C0039136,2026-03-26,non_payment,collections_writeoff,70317,0
C0003890,2026-03-02,non_payment,collections_writeoff,43102,1
C0018133,2026-03-12,involuntary,terms_violation,22457,1
C0046284,2026-01-22,non_payment,collections_writeoff,58648,0
C0027228,2026-02-03,voluntary,service_quality,92374,1
C0010726,2026-03-09,non_payment,collections_writeoff,17727,1
C0030334,2026-03-19,involuntary,terms_violation,95846,0
C0044029,2026-02-24,non_payment,collections_writeoff,30476,1
C0025867,2026-01-28,voluntary,service_quality,79069,0
C0046311,2026-03-11,non_payment,collections_writeoff,11967,0
C0037782,2026-03-30,non_payment,collections_writeoff,31609,0
C0002537,2026-01-26,non_payment,collections_writeoff,69374,0
C0044730,2026-02-09,voluntary,competitor_fiber,33562,0
C0023814,2026-02-21,non_payment,collections_writeoff,99082,1
C0009176,2026-03-27,voluntary,service_quality,94492,0
C0001409,2026-03-25,non_payment,collections_writeoff,30476,1
C0044599,2026-02-17,non_payment,collections_writeoff,81299,0
C0033598,2026-02-26,non_payment,collections_writeoff,99179,0
C0029662,2026-03-08,non_payment,collections_writeoff,70169,0
C0047673,2026-02-27,relocation,moved_out_of_footprint,70434,0
C0020918,2026-01-16,voluntary,moved_to_competitor_5g,69330,0
C0010983,2026-02-01,non_payment,collections_writeoff,44939,1
C0037939,2026-01-29,voluntary,competitor_fiber,26270,0
C0002920,2026-01-09,voluntary,price_too_high,82951,1
C0044120,2026-02-13,voluntary,competitor_fiber,10348,1
C0030940,2026-01-03,involuntary,fraud,38666,0
C0047776,2026-03-17,non_payment,collections_writeoff,99034,1
C0042475,2026-03-12,voluntary,service_quality,85846,1
C0043788,2026-01-30,non_payment,collections_writeoff,44918,0
C0045415,2026-03-17,non_payment,collections_writeoff,55883,0
C0048059,2026-01-29,non_payment,collections_writeoff,42290,1
C0032628,2026-01-01,voluntary,service_quality,22726,1
C0012289,2026-01-10,non_payment,collections_writeoff,50859,1
C0040242,2026-03-22,voluntary,service_quality,43102,1
C0037604,2026-01-08,non_payment,collections_writeoff,33314,0
C0013082,2026-01-30,voluntary,competitor_fiber,42290,1
C0011741,2026-01-09,involuntary,terms_violation,94681,1
C0012055,2026-01-05,voluntary,service_quality,70968,1
C0040640,2026-02-12,non_payment,collections_writeoff,54807,1
C0037007,2026-01-10,non_payment,collections_writeoff,69363,1
C0032485,2026-03-07,voluntary,competitor_fiber,84185,0
C0012341,2026-01-31,non_payment,collections_writeoff,99577,0
C0004120,2026-02-05,relocation,moved_out_of_footprint,13234,0
C0005161,2026-03-27,voluntary,price_too_high,38047,1
C0011656,2026-03-04,voluntary,competitor_fiber,21551,0
C0029148,2026-01-28,non_payment,collections_writeoff,21797,0
C0003403,2026-03-11,non_payment,collections_writeoff,71061,1
C0036393,2026-01-17,voluntary,moved_to_competitor_5g,71061,1
C0026625,2026-03-15,voluntary,price_too_high,36872,1
C0019111,2026-03-15,voluntary,competitor_fiber,24086,0
C0021648,2026-03-02,voluntary,price_too_high,37754,1
C0030942,2026-02-01,voluntary,price_too_high,92391,1
C0042840,2026-03-02,involuntary,deceased,82925,0
C0024807,2026-02-22,involuntary,fraud,50623,0
C0022431,2026-01-25,non_payment,collections_writeoff,53616,0
C0005102,2026-01-13,voluntary,service_quality,76290,0
C0018290,2026-01-13,voluntary,service_quality,10348,1
C0020095,2026-03-26,non_payment,collections_writeoff,40418,0
C0022613,2026-02-25,voluntary,competitor_fiber,44145,0
C0036963,2026-02-15,non_payment,collections_writeoff,44517,0
C0000433,2026-02-24,voluntary,service_quality,42290,1
C0013560,2026-02-22,voluntary,competitor_fiber,59197,1
C0013297,2026-03-01,voluntary,price_too_high,39367,1
C0015380,2026-01-07,voluntary,price_too_high,37754,1
C0029511,2026-03-28,voluntary,service_quality,70434,0
C0018866,2026-03-25,voluntary,moved_to_competitor_5g,96473,1
C0027173,2026-03-24,involuntary,fraud,16607,0
C0031557,2026-01-13,voluntary,price_too_high,70317,0
C0048127,2026-01-08,voluntary,service_quality,99034,1
C0039031,2026-02-21,non_payment,collections_writeoff,47558,0
C0029645,2026-02-13,non_payment,collections_writeoff,33562,0
C0022644,2026-01-14,non_payment,collections_writeoff,14493,1
C0032719,2026-02-01,voluntary,competitor_fiber,44517,0
C0041961,2026-01-25,voluntary,competitor_fiber,55408,1
C0049721,2026-01-25,voluntary,service_quality,71228,0
C0009625,2026-03-10,relocation,moved_out_of_footprint,73118,0
C0021359,2026-02-27,voluntary,competitor_fiber,94492,0
C0033336,2026-01-18,voluntary,moved_to_competitor_5g,44939,1
C0006682,2026-02-24,non_payment,collections_writeoff,20366,1
C0047157,2026-01-24,voluntary,competitor_fiber,69363,1
C0007492,2026-02-05,non_payment,collections_writeoff,21931,1
C0017326,2026-03-01,non_payment,collections_writeoff,57668,1
C0046150,2026-02-01,voluntary,service_quality,84147,1
C0030895,2026-01-10,involuntary,terms_violation,82345,0
C0031567,2026-02-26,involuntary,terms_violation,66347,0
C0009840,2026-03-12,voluntary,competitor_fiber,82925,0
C0011920,2026-01-13,voluntary,service_quality,81021,0
C0013753,2026-01-07,voluntary,competitor_fiber,25464,1
C0022556,2026-03-25,non_payment,collections_writeoff,34200,1
C0005620,2026-03-11,voluntary,competitor_fiber,50859,1
C0031892,2026-01-02,non_payment,collections_writeoff,24086,0
C0008702,2026-01-12,voluntary,service_quality,38864,0
C0013070,2026-01-31,voluntary,competitor_fiber,13234,0
C0044851,2026-01-22,voluntary,service_quality,79069,0
C0045927,2026-02-22,non_payment,collections_writeoff,99820,1
C0044142,2026-03-04,non_payment,collections_writeoff,85846,1
C0048833,2026-03-03,voluntary,moved_to_competitor_5g,14892,1
C0032637,2026-01-28,non_payment,collections_writeoff,39460,0
C0009690,2026-02-21,voluntary,competitor_fiber,50859,1
C0048142,2026-01-08,non_payment,collections_writeoff,64810,1
C0049109,2026-01-22,voluntary,moved_to_competitor_5g,34725,1
C0035343,2026-02-18,involuntary,terms_violation,32768,1
C0044471,2026-01-01,voluntary,service_quality,90971,1
C0030490,2026-02-19,voluntary,service_quality,54807,1
C0028113,2026-02-03,voluntary,competitor_fiber,57668,1
C0021729,2026-02-28,non_payment,collections_writeoff,74521,0
C0031309,2026-02-06,voluntary,price_too_high,82565,1
C0006338,2026-02-24,non_payment,collections_writeoff,53486,0
C0038604,2026-03-31,involuntary,deceased,84155,0
C0048588,2026-03-13,involuntary,deceased,24944,0
C0038448,2026-03-26,non_payment,collections_writeoff,64874,0
C0038171,2026-03-04,voluntary,competitor_fiber,71934,0
C0028518,2026-01-20,voluntary,moved_to_competitor_5g,37754,1
C0003928,2026-01-25,non_payment,collections_writeoff,33823,0
C0015139,2026-02-07,non_payment,collections_writeoff,90971,1
C0008157,2026-01-28,non_payment,collections_writeoff,70434,0
C0035634,2026-01-08,relocation,moved_out_of_footprint,42290,1
C0000560,2026-03-16,voluntary,service_quality,38022,1
C0000563,2026-03-11,voluntary,moved_to_competitor_5g,35401,1
C0030358,2026-01-08,voluntary,service_quality,58915,1
C0049242,2026-02-10,non_payment,collections_writeoff,90971,1
C0026795,2026-01-08,relocation,moved_out_of_footprint,84155,0
C0048942,2026-01-07,non_payment,collections_writeoff,90631,1
C0006986,2026-03-16,relocation,moved_out_of_footprint,24086,0
C0032331,2026-03-03,non_payment,collections_writeoff,72611,1
C0021529,2026-03-06,voluntary,service_quality,55408,1
C0028586,2026-03-09,non_payment,collections_writeoff,94492,0
C0022632,2026-01-21,voluntary,competitor_fiber,20943,1
C0016719,2026-01-08,voluntary,competitor_fiber,42290,1
C0027427,2026-03-07,non_payment,collections_writeoff,99577,0
C0014676,2026-01-11,voluntary,service_quality,24665,1
C0045701,2026-01-24,non_payment,collections_writeoff,76339,0
C0036641,2026-01-09,involuntary,terms_violation,84147,1
C0018483,2026-03-18,non_payment,collections_writeoff,41092,0
C0037857,2026-01-09,voluntary,service_quality,69374,0
C0043970,2026-03-28,non_payment,collections_writeoff,94681,1
C0011411,2026-01-31,voluntary,competitor_fiber,17727,1
C0049009,2026-02-21,voluntary,competitor_fiber,70548,0
C0033334,2026-01-16,voluntary,competitor_fiber,70548,0
C0046277,2026-03-14,voluntary,service_quality,78102,0
C0045005,2026-02-01,voluntary,price_too_high,44535,1
C0033151,2026-03-16,non_payment,collections_writeoff,64760,0
C0036034,2026-03-18,voluntary,price_too_high,23394,0
C0000347,2026-01-06,involuntary,terms_violation,71568,1
C0036611,2026-03-21,non_payment,collections_writeoff,82345,0
C0048862,2026-01-11,voluntary,moved_to_competitor_5g,84147,1
C0018204,2026-02-23,voluntary,service_quality,35401,1
C0045967,2026-03-26,non_payment,collections_writeoff,44145,0
C0047008,2026-03-16,non_payment,collections_writeoff,11739,0
C0039914,2026-03-14,relocation,moved_out_of_footprint,78102,0
C0029471,2026-03-08,non_payment,collections_writeoff,49756,0
C0026257,2026-02-10,voluntary,competitor_fiber,78299,0
C0048647,2026-02-03,voluntary,moved_to_competitor_5g,49965,1
C0000051,2026-01-27,non_payment,collections_writeoff,24665,1
C0010333,2026-03-27,non_payment,collections_writeoff,47558,0
C0016579,2026-02-10,voluntary,price_too_high,49965,1
C0033958,2026-01-31,voluntary,competitor_fiber,38113,0
C0018744,2026-02-03,relocation,moved_out_of_footprint,53616,0
C0029623,2026-02-20,voluntary,competitor_fiber,53486,0
C0002913,2026-01-17,non_payment,collections_writeoff,19147,0
C0013922,2026-03-27,voluntary,moved_to_competitor_5g,21931,1
C0000026,2026-03-24,voluntary,moved_to_competitor_5g,34955,1
C0022658,2026-02-08,voluntary,service_quality,59197,1
C0032480,2026-02-28,voluntary,competitor_fiber,55408,1
C0001185,2026-02-10,voluntary,service_quality,66911,1
C0049201,2026-01-10,non_payment,collections_writeoff,44535,1
C0045666,2026-01-02,voluntary,price_too_high,38047,1
C0022708,2026-02-28,voluntary,service_quality,37608,1
C0008338,2026-03-21,non_payment,collections_writeoff,77889,1
C0033218,2026-03-14,voluntary,service_quality,43102,1
C0033459,2026-01-13,voluntary,price_too_high,67946,1
C0041213,2026-01-10,voluntary,competitor_fiber,64810,1
C0019285,2026-03-10,involuntary,terms_violation,79069,0
C0017703,2026-01-28,non_payment,collections_writeoff,69330,0
C0032020,2026-03-06,non_payment,collections_writeoff,32768,1
C0035253,2026-02-03,voluntary,price_too_high,95590,0
C0036381,2026-01-17,voluntary,competitor_fiber,23944,1
C0019983,2026-02-14,voluntary,price_too_high,92374,1
C0012426,2026-01-09,non_payment,collections_writeoff,11957,0
C0009464,2026-02-01,non_payment,collections_writeoff,25352,0
C0001793,2026-02-17,voluntary,service_quality,99820,1
C0031436,2026-02-06,voluntary,service_quality,98559,1
C0041528,2026-01-21,involuntary,fraud,29795,0
C0012756,2026-02-26,non_payment,collections_writeoff,35401,1
C0044363,2026-03-11,involuntary,deceased,66911,1
C0021384,2026-02-08,non_payment,collections_writeoff,49756,0
C0008418,2026-03-20,non_payment,collections_writeoff,21864,1
C0043835,2026-03-25,voluntary,service_quality,53384,1
C0036140,2026-03-09,voluntary,price_too_high,14646,0
C0016270,2026-01-02,involuntary,terms_violation,82563,0
C0028300,2026-03-27,voluntary,competitor_fiber,50623,0
C0004983,2026-03-12,voluntary,competitor_fiber,92391,1
C0045142,2026-02-08,non_payment,collections_writeoff,77889,1
C0029125,2026-03-26,voluntary,service_quality,25464,1
C0014324,2026-01-14,involuntary,terms_violation,39460,0
C0018403,2026-01-18,non_payment,collections_writeoff,36136,0
C0011911,2026-02-03,voluntary,competitor_fiber,26899,1
C0016413,2026-01-15,voluntary,service_quality,71568,1
C0039535,2026-01-14,non_payment,collections_writeoff,74546,1
C0013552,2026-03-12,voluntary,price_too_high,82954,0
C0030417,2026-01-20,voluntary,competitor_fiber,24944,0
C0009067,2026-02-04,non_payment,collections_writeoff,70434,0
C0034656,2026-02-06,non_payment,collections_writeoff,82565,1
C0006417,2026-03-19,voluntary,competitor_fiber,82951,1
C0002629,2026-01-27,non_payment,collections_writeoff,77328,0
C0035487,2026-02-13,voluntary,competitor_fiber,57668,1
C0043620,2026-01-27,non_payment,collections_writeoff,49226,0
C0041199,2026-03-29,non_payment,collections_writeoff,21864,1
C0016018,2026-03-23,voluntary,competitor_fiber,92374,1
C0037652,2026-02-03,voluntary,competitor_fiber,21747,1
C0041831,2026-03-06,voluntary,moved_to_competitor_5g,61397,1
C0028948,2026-03-04,voluntary,service_quality,96473,1
C0017694,2026-02-02,non_payment,collections_writeoff,80363,1
C0035801,2026-01-07,voluntary,price_too_high,99082,1
C0023177,2026-01-12,non_payment,collections_writeoff,17727,1
C0006793,2026-03-23,non_payment,collections_writeoff,69374,0
C0028570,2026-02-24,voluntary,service_quality,32768,1
C0013433,2026-02-05,voluntary,moved_to_competitor_5g,71061,1
C0007762,2026-01-06,non_payment,collections_writeoff,17727,1
C0042410,2026-01-01,voluntary,price_too_high,36872,1
C0030152,2026-02-12,relocation,moved_out_of_footprint,85422,0
C0007299,2026-01-17,non_payment,collections_writeoff,80363,1
C0013119,2026-03-23,non_payment,collections_writeoff,33693,1
C0049720,2026-02-03,non_payment,collections_writeoff,73118,0
C0034382,2026-01-21,non_payment,collections_writeoff,31397,0
C0021128,2026-02-26,non_payment,collections_writeoff,38864,0
C0049895,2026-03-12,voluntary,moved_to_competitor_5g,23944,1
C0021624,2026-02-24,voluntary,competitor_fiber,74546,1
C0015542,2026-03-13,relocation,moved_out_of_footprint,61397,1
C0038002,2026-01-02,voluntary,competitor_fiber,33314,0
C0035136,2026-01-15,voluntary,service_quality,53486,0
C0032688,2026-01-10,relocation,moved_out_of_footprint,67946,1
C0030646,2026-03-30,voluntary,service_quality,98559,1
C0017546,2026-01-20,voluntary,competitor_fiber,50859,1
C0018326,2026-03-11,involuntary,fraud,37754,1
C0046917,2026-01-05,voluntary,competitor_fiber,99820,1
C0000346,2026-02-17,non_payment,collections_writeoff,37608,1
C0015454,2026-03-16,voluntary,service_quality,10348,1
C0025924,2026-03-12,non_payment,collections_writeoff,32768,1
C0003338,2026-01-19,non_payment,collections_writeoff,79069,0
C0038634,2026-02-25,non_payment,collections_writeoff,74546,1
C0009081,2026-01-17,voluntary,competitor_fiber,16607,0
C0000495,2026-01-06,non_payment,collections_writeoff,24086,0
C0043945,2026-02-09,non_payment,collections_writeoff,82345,0
C0012272,2026-02-16,voluntary,service_quality,84338,1
C0030632,2026-01-06,non_payment,collections_writeoff,53616,0
C0033883,2026-02-15,voluntary,price_too_high,96473,1
C0039888,2026-01-27,voluntary,service_quality,44939,1
C0039075,2026-03-29,voluntary,service_quality,85846,1
C0041303,2026-02-01,non_payment,collections_writeoff,33314,0
C0003127,2026-03-27,involuntary,fraud,38864,0
C0033005,2026-01-14,voluntary,competitor_fiber,54807,1
C0036128,2026-02-15,voluntary,price_too_high,36970,0
C0013624,2026-03-13,non_payment,collections_writeoff,23394,0
C0020947,2026-02-22,non_payment,collections_writeoff,39661,0
C0029482,2026-03-21,involuntary,terms_violation,19147,0
C0029635,2026-01-20,voluntary,competitor_fiber,36872,1
C0036724,2026-01-31,involuntary,deceased,50550,0
C0022554,2026-01-21,voluntary,competitor_fiber,71413,0
C0018887,2026-01-23,voluntary,price_too_high,29795,0
C0018368,2026-02-22,non_payment,collections_writeoff,36970,0
C0026053,2026-01-04,non_payment,collections_writeoff,31609,0
C0021097,2026-01-23,voluntary,price_too_high,14200,0
C0023420,2026-02-12,voluntary,price_too_high,70755,1
C0009610,2026-02-22,voluntary,price_too_high,96952,0
C0029291,2026-03-27,voluntary,competitor_fiber,48318,0
C0030795,2026-02-01,non_payment,collections_writeoff,63402,0
C0024782,2026-02-04,non_payment,collections_writeoff,34200,1
C0008147,2026-01-21,non_payment,collections_writeoff,63402,0
C0024735,2026-03-31,non_payment,collections_writeoff,54744,0
C0041400,2026-01-14,involuntary,deceased,38022,1
C0009493,2026-02-18,relocation,moved_out_of_footprint,38047,1
C0010983,2026-01-05,involuntary,terms_violation,44939,1
C0000124,2026-03-02,non_payment,collections_writeoff,37608,1
C0028512,2026-01-29,non_payment,collections_writeoff,50859,1
C0005845,2026-01-26,voluntary,moved_to_competitor_5g,85846,1
C0009724,2026-02-28,non_payment,collections_writeoff,63651,0
C0014544,2026-02-14,non_payment,collections_writeoff,82954,0
C0021604,2026-02-09,non_payment,collections_writeoff,82563,0
C0036479,2026-01-30,non_payment,collections_writeoff,81299,0
C0043426,2026-01-29,voluntary,price_too_high,23801,0
C0009153,2026-01-04,voluntary,service_quality,33823,0
C0036559,2026-03-26,voluntary,price_too_high,14493,1
C0041805,2026-01-25,non_payment,collections_writeoff,49965,1
C0043540,2026-02-21,non_payment,collections_writeoff,58060,1
C0013725,2026-02-12,voluntary,competitor_fiber,33693,1
C0045284,2026-02-05,non_payment,collections_writeoff,14644,0
C0024419,2026-01-09,non_payment,collections_writeoff,21551,0
C0008195,2026-02-05,involuntary,deceased,25464,1
C0048751,2026-02-14,voluntary,competitor_fiber,33693,1
C0014520,2026-03-24,non_payment,collections_writeoff,53616,0
C0037100,2026-03-07,voluntary,service_quality,37754,1
C0000175,2026-02-21,voluntary,competitor_fiber,58915,1
C0004396,2026-03-28,voluntary,price_too_high,55408,1
C0037100,2026-03-10,voluntary,price_too_high,37754,1
C0006812,2026-02-12,voluntary,competitor_fiber,16607,0
C0007702,2026-01-04,non_payment,collections_writeoff,70169,0
C0032034,2026-01-15,voluntary,service_quality,17727,1
C0005748,2026-02-03,non_payment,collections_writeoff,82563,0
C0015915,2026-01-23,voluntary,price_too_high,21797,0
C0043120,2026-03-16,voluntary,competitor_fiber,90631,1
C0029381,2026-02-03,voluntary,service_quality,21747,1
C0045638,2026-01-05,non_payment,collections_writeoff,23801,0
C0049076,2026-01-14,non_payment,collections_writeoff,54807,1
C0026279,2026-03-18,non_payment,collections_writeoff,91235,0
C0022398,2026-02-25,voluntary,competitor_fiber,92139,1
C0035950,2026-02-14,involuntary,deceased,32768,1
C0045720,2026-02-10,voluntary,price_too_high,11739,0
C0037474,2026-02-25,voluntary,moved_to_competitor_5g,84147,1
C0036962,2026-03-19,voluntary,service_quality,37608,1
C0034983,2026-03-07,voluntary,competitor_fiber,72904,0
C0003734,2026-01-15,voluntary,price_too_high,81021,0
C0007343,2026-02-19,voluntary,price_too_high,44535,1
C0007884,2026-03-15,non_payment,collections_writeoff,28094,1
C0035122,2026-01-25,non_payment,collections_writeoff,82565,1
C0002533,2026-02-02,voluntary,competitor_fiber,66911,1
C0004407,2026-01-06,voluntary,service_quality,16607,0
C0004599,2026-02-25,voluntary,price_too_high,15642,0
C0017279,2026-01-01,voluntary,competitor_fiber,66347,0
C0043331,2026-03-08,non_payment,collections_writeoff,26899,1
C0029805,2026-03-10,voluntary,price_too_high,82481,0
C0000701,2026-03-29,voluntary,moved_to_competitor_5g,30476,1
C0028210,2026-03-27,involuntary,terms_violation,99820,1
C0002220,2026-01-26,non_payment,collections_writeoff,81963,0
C0017964,2026-02-16,non_payment,collections_writeoff,78299,0
C0010663,2026-02-25,voluntary,service_quality,27636,1
C0040457,2026-01-09,non_payment,collections_writeoff,14892,1
C0032350,2026-03-27,voluntary,service_quality,96952,0
C0020495,2026-02-12,voluntary,service_quality,99034,1
C0010701,2026-03-21,involuntary,deceased,92374,1
C0036022,2026-02-10,non_payment,collections_writeoff,80363,1
C0000360,2026-03-26,non_payment,collections_writeoff,31609,0
C0014457,2026-01-16,relocation,moved_out_of_footprint,82563,0
C0044455,2026-02-08,non_payment,collections_writeoff,82345,0
C0021338,2026-03-06,voluntary,competitor_fiber,64874,0
C0010748,2026-02-09,non_payment,collections_writeoff,72904,0
C0040188,2026-03-27,voluntary,service_quality,46830,0
C0004664,2026-02-22,non_payment,collections_writeoff,81021,0
C0024033,2026-02-11,non_payment,collections_writeoff,31609,0
C0022135,2026-02-21,voluntary,service_quality,80363,1
C0034081,2026-03-31,non_payment,collections_writeoff,42290,1
C0010497,2026-02-07,non_payment,collections_writeoff,41092,0
C0004487,2026-03-12,relocation,moved_out_of_footprint,35401,1
C0015024,2026-01-17,voluntary,service_quality,84147,1
C0039794,2026-01-25,non_payment,collections_writeoff,27636,1
C0017835,2026-02-23,voluntary,service_quality,18775,0
C0045907,2026-03-27,involuntary,deceased,72904,0
C0016411,2026-02-18,non_payment,collections_writeoff,45413,0
C0039273,2026-03-28,non_payment,collections_writeoff,27636,1
C0043381,2026-01-23,non_payment,collections_writeoff,14892,1
C0023405,2026-03-20,non_payment,collections_writeoff,25352,0
C0034583,2026-03-14,non_payment,collections_writeoff,74546,1
C0013288,2026-02-08,voluntary,competitor_fiber,63402,0
C0011108,2026-02-21,non_payment,collections_writeoff,97554,0
C0044467,2026-03-12,non_payment,collections_writeoff,34725,1
C0039371,2026-01-01,non_payment,collections_writeoff,31609,0
C0028533,2026-02-08,voluntary,moved_to_competitor_5g,58915,1
C0027898,2026-02-06,non_payment,collections_writeoff,92139,1
C0012432,2026-01-27,voluntary,moved_to_competitor_5g,99820,1
C0000966,2026-02-25,involuntary,fraud,36872,1
C0032348,2026-03-16,relocation,moved_out_of_footprint,63905,1
C0014234,2026-03-19,relocation,moved_out_of_footprint,64810,1
C0036263,2026-03-25,non_payment,collections_writeoff,21797,0
C0027542,2026-02-11,involuntary,terms_violation,38022,1
C0019930,2026-03-01,non_payment,collections_writeoff,71061,1
C0014801,2026-02-26,non_payment,collections_writeoff,18775,0
C0002493,2026-02-26,voluntary,competitor_fiber,49965,1
C0030485,2026-03-28,voluntary,service_quality,44535,1
C0003673,2026-01-28,relocation,moved_out_of_footprint,96952,0
C0001619,2026-03-07,non_payment,collections_writeoff,25464,1
C0038514,2026-03-02,voluntary,price_too_high,21931,1
C0024753,2026-01-22,non_payment,collections_writeoff,24086,0
C0049823,2026-03-26,non_payment,collections_writeoff,18342,0
C0016390,2026-01-11,relocation,moved_out_of_footprint,59214,1
C0035768,2026-02-06,non_payment,collections_writeoff,71061,1
C0023505,2026-03-07,non_payment,collections_writeoff,97554,0
C0004499,2026-03-26,non_payment,collections_writeoff,82563,0
C0025219,2026-03-23,voluntary,service_quality,21931,1
C0029030,2026-03-21,relocation,moved_out_of_footprint,24944,0
C0003431,2026-02-12,voluntary,competitor_fiber,57943,1
C0043268,2026-01-12,non_payment,collections_writeoff,25464,1
C0001323,2026-01-31,non_payment,collections_writeoff,84185,0
C0025717,2026-03-28,non_payment,collections_writeoff,14892,1
C0030988,2026-02-09,voluntary,competitor_fiber,84338,1
C0025502,2026-01-29,involuntary,terms_violation,42052,0
C0026551,2026-01-26,voluntary,moved_to_competitor_5g,30476,1
C0049771,2026-01-19,non_payment,collections_writeoff,23944,1
C0044924,2026-01-04,voluntary,service_quality,84338,1
C0037546,2026-01-06,non_payment,collections_writeoff,79069,0
C0008005,2026-02-01,involuntary,fraud,30476,1
C0004551,2026-03-02,voluntary,price_too_high,61397,1
C0049954,2026-03-20,voluntary,service_quality,55408,1
C0003414,2026-01-10,involuntary,deceased,97173,0
C0042919,2026-02-28,non_payment,collections_writeoff,39262,0
C0035648,2026-02-23,voluntary,price_too_high,58915,1
C0044445,2026-03-22,non_payment,collections_writeoff,44918,0
C0000988,2026-03-15,involuntary,deceased,55883,0
C0010969,2026-01-25,involuntary,deceased,72904,0
C0032540,2026-03-31,voluntary,moved_to_competitor_5g,36872,1
C0028754,2026-02-19,non_payment,collections_writeoff,70548,0
C0035176,2026-03-05,voluntary,competitor_fiber,11957,0
C0045116,2026-02-21,voluntary,competitor_fiber,78299,0
C0007340,2026-02-01,voluntary,competitor_fiber,71061,1
C0006171,2026-01-19,voluntary,service_quality,38047,1
C0005991,2026-03-25,involuntary,terms_violation,15642,0
C0004919,2026-03-30,voluntary,service_quality,20366,1
C0003918,2026-01-01,involuntary,deceased,55408,1
C0023300,2026-01-14,involuntary,fraud,11967,0
C0017351,2026-02-24,non_payment,collections_writeoff,42052,0
C0008247,2026-01-29,voluntary,price_too_high,34955,1
C0029742,2026-01-23,non_payment,collections_writeoff,44918,0
C0015249,2026-03-31,involuntary,terms_violation,55443,0
C0020758,2026-03-08,relocation,moved_out_of_footprint,25464,1
C0049591,2026-03-01,voluntary,moved_to_competitor_5g,69374,0
C0022762,2026-01-07,involuntary,fraud,49756,0
C0015902,2026-03-13,voluntary,service_quality,21931,1
C0012162,2026-02-01,voluntary,competitor_fiber,76339,0
C0049705,2026-01-16,non_payment,collections_writeoff,23801,0
C0003166,2026-02-28,voluntary,service_quality,58915,1
C0024222,2026-01-18,voluntary,competitor_fiber,63905,1
C0046251,2026-03-01,voluntary,competitor_fiber,99820,1
C0043273,2026-03-27,voluntary,service_quality,44918,0
C0045304,2026-03-09,voluntary,price_too_high,74521,0
C0036519,2026-03-13,voluntary,price_too_high,50550,0
C0045067,2026-03-18,non_payment,collections_writeoff,90971,1
C0043930,2026-02-10,voluntary,competitor_fiber,75244,0
C0019553,2026-02-26,non_payment,collections_writeoff,24086,0
C0029451,2026-03-20,involuntary,terms_violation,35401,1
C0019378,2026-03-06,involuntary,deceased,23801,0
C0037259,2026-02-24,voluntary,competitor_fiber,28094,1
C0016020,2026-03-12,voluntary,competitor_fiber,69374,0
C0001227,2026-02-27,voluntary,service_quality,64874,0
C0019615,2026-01-21,voluntary,service_quality,38022,1
C0005626,2026-03-02,voluntary,service_quality,14646,0
C0031854,2026-02-27,voluntary,price_too_high,92391,1
C0011911,2026-02-03,voluntary,service_quality,26899,1
C0024918,2026-02-01,non_payment,collections_writeoff,36872,1
C0023269,2026-03-23,voluntary,price_too_high,21864,1
C0002582,2026-02-05,voluntary,service_quality,91235,0
C0030904,2026-03-08,voluntary,service_quality,50623,0
C0034289,2026-03-04,involuntary,terms_violation,76290,0
C0043182,2026-03-22,relocation,moved_out_of_footprint,53616,0
C0006684,2026-01-31,non_payment,collections_writeoff,50550,0
C0041975,2026-02-05,non_payment,collections_writeoff,38666,0
C0024640,2026-02-26,non_payment,collections_writeoff,70317,0
C0000581,2026-01-10,non_payment,collections_writeoff,10348,1
C0048351,2026-02-06,non_payment,collections_writeoff,49756,0
C0012281,2026-01-31,non_payment,collections_writeoff,58060,1
C0046580,2026-02-04,non_payment,collections_writeoff,23801,0
C0008200,2026-02-12,non_payment,collections_writeoff,99577,0
C0012558,2026-02-10,involuntary,fraud,19147,0
C0017094,2026-03-11,voluntary,service_quality,92391,1
C0017955,2026-01-11,non_payment,collections_writeoff,89248,0
C0002479,2026-01-18,non_payment,collections_writeoff,73118,0
C0016774,2026-01-20,voluntary,service_quality,94681,1
C0003217,2026-01-30,involuntary,fraud,31397,0
C0013816,2026-02-19,non_payment,collections_writeoff,58648,0
C0017797,2026-03-30,voluntary,service_quality,53384,1
C0030587,2026-01-20,non_payment,collections_writeoff,21864,1
C0022130,2026-01-28,non_payment,collections_writeoff,97173,0
C0005241,2026-01-09,voluntary,moved_to_competitor_5g,98559,1
C0023654,2026-02-23,voluntary,moved_to_competitor_5g,40418,0
C0027260,2026-02-22,voluntary,price_too_high,41092,0
C0003821,2026-02-12,voluntary,moved_to_competitor_5g,59197,1
C0003262,2026-03-11,voluntary,competitor_fiber,12914,1
C0002141,2026-03-01,non_payment,collections_writeoff,55408,1
C0017732,2026-02-23,voluntary,competitor_fiber,20366,1
C0018951,2026-01-08,voluntary,service_quality,63905,1
C0021798,2026-01-27,non_payment,collections_writeoff,37754,1
C0010966,2026-02-23,voluntary,price_too_high,35401,1
C0004336,2026-02-19,non_payment,collections_writeoff,99179,0
C0039706,2026-03-16,non_payment,collections_writeoff,69330,0
C0036597,2026-03-31,voluntary,competitor_fiber,99196,0
C0041272,2026-01-03,non_payment,collections_writeoff,73118,0
C0046972,2026-03-15,voluntary,service_quality,99082,1
C0029099,2026-02-18,voluntary,moved_to_competitor_5g,40418,0
C0008516,2026-03-03,voluntary,competitor_fiber,14892,1
C0029897,2026-01-01,voluntary,competitor_fiber,38047,1
C0036791,2026-02-15,non_payment,collections_writeoff,36970,0
C0024832,2026-02-08,non_payment,collections_writeoff,64745,0
C0034990,2026-02-19,voluntary,service_quality,44535,1
C0015418,2026-02-23,non_payment,collections_writeoff,38113,0
C0019721,2026-03-10,non_payment,collections_writeoff,28094,1
C0016901,2026-03-11,non_payment,collections_writeoff,58060,1
C0026669,2026-03-19,voluntary,service_quality,58915,1
C0035351,2026-01-29,voluntary,service_quality,49965,1
C0030976,2026-03-04,non_payment,collections_writeoff,36136,0
C0029347,2026-01-29,non_payment,collections_writeoff,63870,0
C0015776,2026-02-04,involuntary,deceased,46830,0
C0044985,2026-02-25,voluntary,price_too_high,43102,1
C0037135,2026-03-04,voluntary,competitor_fiber,26899,1
C0029328,2026-01-04,involuntary,terms_violation,99577,0
C0026024,2026-02-19,relocation,moved_out_of_footprint,41092,0
C0000013,2026-02-13,involuntary,fraud,44535,1
C0047600,2026-03-27,involuntary,fraud,41592,0
C0029507,2026-03-28,voluntary,competitor_fiber,71568,1
C0026381,2026-02-21,non_payment,collections_writeoff,69374,0
C0031307,2026-01-22,voluntary,service_quality,67946,1
C0037073,2026-03-01,non_payment,collections_writeoff,98559,1
C0017423,2026-01-17,voluntary,competitor_fiber,34200,1
C0003688,2026-03-21,voluntary,service_quality,95846,0
C0026561,2026-03-10,non_payment,collections_writeoff,23801,0
C0018086,2026-01-04,voluntary,price_too_high,85422,0
C0036285,2026-02-20,involuntary,fraud,37754,1
C0020643,2026-03-17,non_payment,collections_writeoff,53384,1
C0019688,2026-03-14,non_payment,collections_writeoff,82951,1
C0023334,2026-03-26,non_payment,collections_writeoff,67946,1
C0037462,2026-01-04,relocation,moved_out_of_footprint,14200,0
C0010140,2026-01-11,relocation,moved_out_of_footprint,70548,0
C0011565,2026-03-24,voluntary,moved_to_competitor_5g,78102,0
C0022693,2026-02-24,voluntary,competitor_fiber,69363,1
C0010022,2026-01-18,non_payment,collections_writeoff,97173,0
C0027451,2026-03-01,non_payment,collections_writeoff,43481,0
C0038696,2026-01-24,non_payment,collections_writeoff,79069,0
C0007669,2026-01-07,voluntary,service_quality,90971,1
C0032862,2026-02-03,voluntary,competitor_fiber,21437,1
C0037295,2026-02-18,involuntary,terms_violation,37608,1
C0030858,2026-02-11,non_payment,collections_writeoff,90971,1
C0031624,2026-01-28,voluntary,service_quality,37608,1
C0014021,2026-02-28,non_payment,collections_writeoff,39661,0
C0046062,2026-02-11,voluntary,price_too_high,80959,0
C0039010,2026-02-13,voluntary,competitor_fiber,50550,0
C0018957,2026-02-18,non_payment,collections_writeoff,66347,0
C0019633,2026-02-05,non_payment,collections_writeoff,94681,1
C0006417,2026-02-23,voluntary,moved_to_competitor_5g,82951,1
C0021915,2026-02-02,voluntary,service_quality,19147,0
C0000354,2026-01-11,non_payment,collections_writeoff,18775,0
C0004994,2026-03-02,non_payment,collections_writeoff,44517,0
C0027298,2026-01-03,relocation,moved_out_of_footprint,92391,1
C0018584,2026-03-11,voluntary,price_too_high,22457,1
C0000750,2026-01-07,voluntary,competitor_fiber,15712,0
C0009768,2026-02-14,non_payment,collections_writeoff,39262,0
C0025878,2026-01-29,non_payment,collections_writeoff,70434,0
C0019975,2026-03-25,relocation,moved_out_of_footprint,11967,0
C0046098,2026-01-09,voluntary,moved_to_competitor_5g,82565,1
C0002879,2026-03-25,non_payment,collections_writeoff,32658,0
C0048384,2026-01-06,voluntary,price_too_high,84147,1
C0010040,2026-01-04,relocation,moved_out_of_footprint,24086,0
C0003311,2026-02-01,relocation,moved_out_of_footprint,44918,0
C0029204,2026-01-26,voluntary,service_quality,57943,1
C0007395,2026-01-03,voluntary,competitor_fiber,68710,1
C0010385,2026-03-21,non_payment,collections_writeoff,33693,1
C0009701,2026-01-20,voluntary,price_too_high,66911,1
C0037935,2026-01-31,non_payment,collections_writeoff,70968,1
C0011817,2026-01-17,voluntary,competitor_fiber,33314,0
C0044997,2026-03-02,non_payment,collections_writeoff,44535,1
C0012844,2026-03-27,non_payment,collections_writeoff,13234,0
C0035924,2026-01-15,relocation,moved_out_of_footprint,37754,1
C0002713,2026-03-14,non_payment,collections_writeoff,58648,0
C0007182,2026-01-28,voluntary,competitor_fiber,35401,1
C0008545,2026-03-01,voluntary,price_too_high,91235,0
C0016282,2026-03-31,voluntary,moved_to_competitor_5g,22457,1
C0031973,2026-02-02,involuntary,deceased,12914,1
C0008258,2026-02-17,non_payment,collections_writeoff,49226,0
C0037338,2026-01-22,non_payment,collections_writeoff,41092,0
C0012852,2026-03-19,relocation,moved_out_of_footprint,21864,1
C0036777,2026-03-19,relocation,moved_out_of_footprint,77328,0
C0011467,2026-01-15,non_payment,collections_writeoff,39367,1
C0035643,2026-01-21,voluntary,price_too_high,66347,0
C0013983,2026-02-09,voluntary,moved_to_competitor_5g,38666,0
C0030746,2026-01-14,non_payment,collections_writeoff,26270,0
C0031673,2026-03-16,non_payment,collections_writeoff,34725,1
C0029582,2026-01-04,non_payment,collections_writeoff,33314,0
C0014391,2026-02-09,non_payment,collections_writeoff,82954,0
C0028651,2026-03-15,voluntary,price_too_high,85846,1
C0002840,2026-03-28,voluntary,competitor_fiber,96952,0
C0023124,2026-02-18,non_payment,collections_writeoff,14646,0
C0012707,2026-02-20,non_payment,collections_writeoff,44939,1
C0028769,2026-01-26,voluntary,moved_to_competitor_5g,98559,1
C0028981,2026-01-10,voluntary,competitor_fiber,50550,0
C0022898,2026-03-17,non_payment,collections_writeoff,34725,1
C0016796,2026-03-30,non_payment,collections_writeoff,76290,0
C0026488,2026-03-22,voluntary,service_quality,50682,1
C0036165,2026-02-01,voluntary,competitor_fiber,99196,0
C0049919,2026-01-14,voluntary,price_too_high,70968,1
C0030662,2026-03-31,voluntary,moved_to_competitor_5g,14644,0
C0029436,2026-02-08,voluntary,competitor_fiber,92139,1
C0003470,2026-03-29,non_payment,collections_writeoff,78299,0
C0029198,2026-03-18,non_payment,collections_writeoff,14493,1
C0000908,2026-01-16,voluntary,competitor_fiber,24665,1
C0044097,2026-03-14,voluntary,competitor_fiber,42290,1
C0025435,2026-01-06,voluntary,service_quality,82954,0
C0022427,2026-02-14,non_payment,collections_writeoff,14644,0
C0030340,2026-03-10,non_payment,collections_writeoff,70317,0
C0022157,2026-02-24,voluntary,moved_to_competitor_5g,92391,1
C0031406,2026-03-26,non_payment,collections_writeoff,23801,0
C0017024,2026-02-17,non_payment,collections_writeoff,99082,1
C0010356,2026-01-09,non_payment,collections_writeoff,72904,0
C0041460,2026-03-06,non_payment,collections_writeoff,55443,0
C0004143,2026-03-24,non_payment,collections_writeoff,22726,1
C0008927,2026-02-13,voluntary,service_quality,21747,1
C0030482,2026-01-02,non_payment,collections_writeoff,63870,0
C0031954,2026-02-23,voluntary,competitor_fiber,15642,0
C0000728,2026-03-04,non_payment,collections_writeoff,71226,0
C0013046,2026-01-14,voluntary,service_quality,99082,1
C0017779,2026-02-25,involuntary,deceased,71228,0
C0004424,2026-02-16,voluntary,competitor_fiber,19147,0
C0000547,2026-03-23,relocation,moved_out_of_footprint,45413,0
C0000590,2026-02-28,voluntary,competitor_fiber,77889,1
C0043526,2026-01-20,voluntary,moved_to_competitor_5g,24665,1
C0040329,2026-02-25,non_payment,collections_writeoff,37754,1
C0007071,2026-01-23,involuntary,deceased,48318,0
C0028617,2026-03-08,voluntary,competitor_fiber,21931,1
C0012093,2026-03-25,non_payment,collections_writeoff,11957,0
C0001200,2026-02-04,voluntary,price_too_high,81021,0
C0016188,2026-03-20,non_payment,collections_writeoff,59197,1
C0025940,2026-03-10,voluntary,service_quality,92139,1
C0024102,2026-03-03,non_payment,collections_writeoff,11957,0
C0002774,2026-03-01,non_payment,collections_writeoff,14493,1
C0014580,2026-02-25,non_payment,collections_writeoff,91235,0
C0005769,2026-03-17,involuntary,terms_violation,99196,0
C0018278,2026-02-04,voluntary,competitor_fiber,99196,0
C0030015,2026-02-11,relocation,moved_out_of_footprint,63651,0
C0002606,2026-02-01,voluntary,service_quality,36136,0
C0014723,2026-01-12,voluntary,service_quality,73118,0
C0024671,2026-02-05,voluntary,moved_to_competitor_5g,65704,0
C0019407,2026-02-27,voluntary,service_quality,95846,0
C0004143,2026-02-01,non_payment,collections_writeoff,22726,1
C0011962,2026-03-01,non_payment,collections_writeoff,23801,0
C0038673,2026-03-14,non_payment,collections_writeoff,33314,0
C0043413,2026-03-20,non_payment,collections_writeoff,50682,1
C0040976,2026-03-27,relocation,moved_out_of_footprint,70548,0
C0002349,2026-02-18,non_payment,collections_writeoff,70755,1
C0040641,2026-02-13,voluntary,competitor_fiber,99196,0
C0018080,2026-01-04,relocation,moved_out_of_footprint,46830,0
C0004756,2026-03-05,non_payment,collections_writeoff,53616,0
C0041012,2026-02-11,involuntary,fraud,27636,1
C0042604,2026-01-24,non_payment,collections_writeoff,71226,0
C0001932,2026-03-04,voluntary,competitor_fiber,77889,1
C0014784,2026-01-28,voluntary,price_too_high,46830,0
C0018300,2026-02-15,voluntary,competitor_fiber,11957,0
C0018564,2026-02-03,non_payment,collections_writeoff,91235,0
C0040626,2026-02-13,non_payment,collections_writeoff,69374,0
C0047835,2026-02-05,involuntary,terms_violation,18342,0
C0002232,2026-03-18,voluntary,competitor_fiber,84437,0
C0014905,2026-03-31,voluntary,service_quality,66911,1
C0027351,2026-02-05,relocation,moved_out_of_footprint,81299,0
C0002125,2026-03-13,non_payment,collections_writeoff,67946,1
C0049257,2026-01-02,non_payment,collections_writeoff,20943,1
C0010011,2026-03-08,relocation,moved_out_of_footprint,81021,0
C0049266,2026-01-25,voluntary,service_quality,92139,1
C0011272,2026-01-11,non_payment,collections_writeoff,66911,1
C0012916,2026-01-31,non_payment,collections_writeoff,15712,0
C0035536,2026-02-22,involuntary,terms_violation,50550,0
C0039411,2026-03-04,voluntary,service_quality,14644,0
C0017791,2026-03-13,voluntary,competitor_fiber,82565,1
C0011414,2026-01-31,voluntary,price_too_high,37754,1
C0015229,2026-03-30,voluntary,moved_to_competitor_5g,94681,1
C0008864,2026-03-02,involuntary,fraud,50859,1
C0009513,2026-03-24,voluntary,price_too_high,35401,1
C0020057,2026-03-04,non_payment,collections_writeoff,20366,1
C0010358,2026-02-27,relocation,moved_out_of_footprint,14200,0
C0020808,2026-01-03,involuntary,fraud,74521,0
C0049393,2026-01-12,voluntary,service_quality,96473,1
C0026093,2026-02-07,voluntary,competitor_fiber,82951,1
C0002323,2026-01-29,voluntary,moved_to_competitor_5g,17727,1
C0023059,2026-02-21,non_payment,collections_writeoff,73118,0
C0028467,2026-03-30,non_payment,collections_writeoff,62104,0
C0022510,2026-02-01,voluntary,moved_to_competitor_5g,49965,1
C0032827,2026-02-09,voluntary,price_too_high,38666,0
C0015457,2026-03-26,voluntary,price_too_high,46830,0
C0021038,2026-03-16,non_payment,collections_writeoff,33562,0
C0040630,2026-02-17,non_payment,collections_writeoff,70755,1
C0026750,2026-03-02,non_payment,collections_writeoff,28094,1
C0039789,2026-03-12,non_payment,collections_writeoff,54807,1
C0010742,2026-03-09,non_payment,collections_writeoff,22457,1
C0039084,2026-02-14,involuntary,deceased,84155,0
C0031017,2026-02-24,non_payment,collections_writeoff,58915,1
C0010742,2026-03-12,non_payment,collections_writeoff,22457,1
C0039069,2026-02-12,voluntary,price_too_high,36872,1
C0006311,2026-02-15,non_payment,collections_writeoff,54807,1
C0046663,2026-03-31,voluntary,moved_to_competitor_5g,63905,1
C0042571,2026-02-28,relocation,moved_out_of_footprint,75244,0
C0041349,2026-02-04,voluntary,service_quality,34725,1
C0015924,2026-02-09,voluntary,moved_to_competitor_5g,37754,1
C0049860,2026-02-02,voluntary,price_too_high,71413,0
C0000984,2026-01-30,involuntary,terms_violation,95846,0
C0045402,2026-01-16,non_payment,collections_writeoff,73118,0
C0009196,2026-01-25,non_payment,collections_writeoff,21437,1
C0000792,2026-02-10,non_payment,collections_writeoff,81299,0
C0049662,2026-01-16,voluntary,price_too_high,35401,1
C0001175,2026-03-10,voluntary,competitor_fiber,49756,0
C0040440,2026-03-30,voluntary,competitor_fiber,38022,1
C0037561,2026-01-24,voluntary,competitor_fiber,53384,1
C0003347,2026-01-25,voluntary,price_too_high,74546,1
C0028895,2026-01-28,non_payment,collections_writeoff,36218,0
C0003416,2026-03-03,non_payment,collections_writeoff,15712,0
C0046643,2026-02-05,voluntary,competitor_fiber,49965,1
C0003068,2026-03-17,voluntary,price_too_high,70968,1
C0034122,2026-03-09,involuntary,deceased,33823,0
C0044505,2026-03-18,non_payment,collections_writeoff,40418,0
C0002780,2026-02-06,voluntary,service_quality,41592,0
C0043806,2026-01-13,non_payment,collections_writeoff,82481,0
C0020024,2026-01-25,non_payment,collections_writeoff,77889,1
C0035250,2026-02-07,relocation,moved_out_of_footprint,20943,1
C0028688,2026-01-30,non_payment,collections_writeoff,90631,1
C0021056,2026-02-16,non_payment,collections_writeoff,24665,1
C0036550,2026-01-23,involuntary,terms_violation,11967,0
C0008092,2026-02-08,non_payment,collections_writeoff,57668,1
C0003231,2026-01-02,voluntary,price_too_high,85846,1
C0048669,2026-03-10,non_payment,collections_writeoff,53486,0
C0030776,2026-01-17,non_payment,collections_writeoff,55883,0
C0011189,2026-02-05,non_payment,collections_writeoff,24944,0
C0049390,2026-01-06,voluntary,price_too_high,55443,0
C0021162,2026-01-07,non_payment,collections_writeoff,21864,1
C0030235,2026-03-12,involuntary,terms_violation,44517,0
C0003590,2026-02-07,non_payment,collections_writeoff,99179,0
C0027687,2026-03-31,relocation,moved_out_of_footprint,21437,1
C0030662,2026-01-17,voluntary,competitor_fiber,14644,0
C0030846,2026-03-23,non_payment,collections_writeoff,33693,1
C0037094,2026-03-04,voluntary,price_too_high,54807,1
C0036271,2026-01-14,non_payment,collections_writeoff,50682,1
C0047360,2026-01-02,involuntary,deceased,74521,0
C0047680,2026-03-15,voluntary,moved_to_competitor_5g,20943,1
C0008868,2026-02-06,voluntary,price_too_high,95846,0
C0049801,2026-03-02,non_payment,collections_writeoff,80363,1
C0014695,2026-03-03,voluntary,competitor_fiber,61397,1
C0006186,2026-02-26,non_payment,collections_writeoff,84147,1
C0032670,2026-02-13,non_payment,collections_writeoff,70548,0
C0026223,2026-01-24,non_payment,collections_writeoff,49226,0
C0032052,2026-01-07,non_payment,collections_writeoff,53486,0
C0005911,2026-02-02,involuntary,terms_violation,33562,0
C0015588,2026-03-03,voluntary,competitor_fiber,63905,1
C0046627,2026-01-15,involuntary,fraud,97554,0
C0008097,2026-01-09,voluntary,price_too_high,48318,0
C0039720,2026-02-21,voluntary,service_quality,82563,0
C0031570,2026-03-04,voluntary,price_too_high,57668,1
C0047637,2026-01-10,involuntary,terms_violation,21551,0
C0032435,2026-03-15,non_payment,collections_writeoff,47558,0
C0013466,2026-03-22,non_payment,collections_writeoff,11957,0
C0024818,2026-03-29,relocation,moved_out_of_footprint,14892,1
C0014034,2026-01-07,voluntary,price_too_high,71568,1
C0012376,2026-01-20,voluntary,competitor_fiber,71061,1
C0011862,2026-01-20,voluntary,price_too_high,50859,1
C0046919,2026-03-14,non_payment,collections_writeoff,44145,0
C0025305,2026-02-08,voluntary,price_too_high,21747,1
C0032072,2026-01-11,voluntary,competitor_fiber,99082,1
C0049425,2026-02-01,voluntary,competitor_fiber,72611,1
C0038464,2026-01-16,voluntary,price_too_high,61397,1
C0015351,2026-03-13,non_payment,collections_writeoff,41592,0
C0021159,2026-02-23,non_payment,collections_writeoff,99820,1
C0037637,2026-03-19,voluntary,service_quality,26899,1
C0032613,2026-03-18,relocation,moved_out_of_footprint,67946,1
C0042385,2026-03-21,non_payment,collections_writeoff,71568,1
C0029403,2026-01-29,non_payment,collections_writeoff,54807,1
C0000377,2026-03-08,relocation,moved_out_of_footprint,54744,0
C0017795,2026-02-18,voluntary,service_quality,77889,1
C0033692,2026-02-27,voluntary,moved_to_competitor_5g,34955,1
C0000431,2026-02-26,voluntary,competitor_fiber,58060,1
C0018454,2026-02-08,voluntary,service_quality,34200,1
C0041310,2026-03-17,voluntary,competitor_fiber,59214,1
C0003206,2026-02-24,voluntary,service_quality,70434,0
C0004276,2026-02-09,non_payment,collections_writeoff,76339,0
C0023491,2026-03-14,non_payment,collections_writeoff,59214,1
C0003609,2026-03-21,involuntary,terms_violation,33693,1
C0002546,2026-01-08,voluntary,service_quality,21747,1
C0030267,2026-03-20,non_payment,collections_writeoff,82954,0
C0007186,2026-01-13,voluntary,service_quality,92391,1
C0006777,2026-01-27,voluntary,moved_to_competitor_5g,63651,0
C0023399,2026-03-22,voluntary,competitor_fiber,25464,1
C0009124,2026-01-28,non_payment,collections_writeoff,98436,1
C0037506,2026-02-03,involuntary,terms_violation,21864,1
C0037759,2026-03-26,non_payment,collections_writeoff,38047,1
C0043144,2026-01-11,voluntary,moved_to_competitor_5g,64810,1
C0002821,2026-01-21,voluntary,competitor_fiber,50859,1
C0035394,2026-01-31,non_payment,collections_writeoff,16607,0
C0031111,2026-01-23,voluntary,moved_to_competitor_5g,50859,1
C0014733,2026-03-12,non_payment,collections_writeoff,65058,0
C0049706,2026-01-10,involuntary,deceased,39661,0
C0024098,2026-01-21,voluntary,competitor_fiber,44535,1
C0022551,2026-01-01,voluntary,competitor_fiber,92391,1
C0009720,2026-02-22,voluntary,service_quality,58060,1
C0039776,2026-02-27,non_payment,collections_writeoff,39367,1
C0025435,2026-03-30,voluntary,price_too_high,82954,0
C0043287,2026-03-18,voluntary,price_too_high,72611,1
C0049222,2026-03-02,voluntary,price_too_high,50859,1
C0018822,2026-02-07,voluntary,price_too_high,49965,1
C0040320,2026-01-05,non_payment,collections_writeoff,20239,0
C0048352,2026-01-30,non_payment,collections_writeoff,25352,0
C0012982,2026-02-06,non_payment,collections_writeoff,14646,0
C0016296,2026-02-06,voluntary,competitor_fiber,70434,0
C0047376,2026-03-31,non_payment,collections_writeoff,21747,1
C0019687,2026-02-28,non_payment,collections_writeoff,11967,0
C0040781,2026-01-10,voluntary,price_too_high,50859,1
C0049624,2026-03-29,voluntary,competitor_fiber,22457,1
C0015252,2026-01-30,involuntary,terms_violation,70968,1
C0028538,2026-02-03,non_payment,collections_writeoff,44535,1
C0032060,2026-03-22,non_payment,collections_writeoff,74521,0
C0041354,2026-03-17,voluntary,price_too_high,99034,1
C0027206,2026-03-26,non_payment,collections_writeoff,25352,0
C0017024,2026-01-26,voluntary,service_quality,99082,1
C0040325,2026-02-24,relocation,moved_out_of_footprint,46830,0
C0027174,2026-01-15,relocation,moved_out_of_footprint,81021,0
C0045765,2026-03-11,voluntary,moved_to_competitor_5g,99082,1
C0016537,2026-01-29,voluntary,moved_to_competitor_5g,74546,1
C0039962,2026-03-24,non_payment,collections_writeoff,39367,1
C0016354,2026-01-20,non_payment,collections_writeoff,94681,1
C0004446,2026-02-04,involuntary,terms_violation,19147,0
C0020171,2026-01-19,involuntary,terms_violation,71061,1
C0031977,2026-01-10,non_payment,collections_writeoff,39460,0
C0021893,2026-01-08,non_payment,collections_writeoff,50550,0
C0048954,2026-01-22,non_payment,collections_writeoff,14493,1
C0028011,2026-02-09,voluntary,competitor_fiber,26270,0
C0033269,2026-03-18,non_payment,collections_writeoff,64760,0
C0044947,2026-03-14,involuntary,terms_violation,24944,0
C0044021,2026-02-06,voluntary,price_too_high,12914,1
C0048420,2026-02-26,non_payment,collections_writeoff,84147,1
C0002455,2026-01-16,non_payment,collections_writeoff,91235,0
C0026178,2026-03-01,non_payment,collections_writeoff,64810,1
C0012716,2026-03-30,relocation,moved_out_of_footprint,68710,1
C0021661,2026-02-08,involuntary,terms_violation,48318,0
C0004377,2026-03-31,non_payment,collections_writeoff,49849,0
C0018929,2026-02-21,non_payment,collections_writeoff,25352,0
C0002216,2026-02-04,non_payment,collections_writeoff,36970,0
C0031556,2026-03-06,voluntary,price_too_high,23394,0
C0017836,2026-03-11,non_payment,collections_writeoff,31397,0
C0042685,2026-03-05,non_payment,collections_writeoff,39460,0
C0027541,2026-02-26,voluntary,service_quality,17727,1
C0015025,2026-01-11,non_payment,collections_writeoff,15712,0
C0004563,2026-03-18,voluntary,competitor_fiber,96473,1
C0034150,2026-01-06,relocation,moved_out_of_footprint,74521,0
C0012044,2026-02-25,non_payment,collections_writeoff,82481,0
C0001182,2026-02-11,non_payment,collections_writeoff,63870,0
C0047512,2026-03-19,involuntary,deceased,96434,0
C0044447,2026-02-02,relocation,moved_out_of_footprint,33823,0
C0023262,2026-01-04,voluntary,competitor_fiber,99179,0
C0001227,2026-01-12,involuntary,deceased,64874,0
C0041151,2026-01-30,voluntary,competitor_fiber,58060,1
C0002079,2026-03-28,voluntary,price_too_high,57943,1
C0012483,2026-03-15,non_payment,collections_writeoff,54807,1
C0009785,2026-03-17,involuntary,terms_violation,46830,0
C0018381,2026-01-03,relocation,moved_out_of_footprint,21931,1
C0030838,2026-03-28,voluntary,competitor_fiber,21747,1
C0037420,2026-02-04,voluntary,competitor_fiber,41592,0
C0039695,2026-03-15,relocation,moved_out_of_footprint,54807,1
C0010554,2026-01-06,non_payment,collections_writeoff,34725,1
C0033220,2026-01-23,non_payment,collections_writeoff,23944,1
C0044376,2026-03-02,non_payment,collections_writeoff,70169,0
C0026267,2026-03-08,non_payment,collections_writeoff,99577,0
C0046221,2026-03-25,voluntary,moved_to_competitor_5g,71094,0
C0017793,2026-02-26,voluntary,price_too_high,95846,0
C0019519,2026-02-05,voluntary,price_too_high,69363,1
C0015479,2026-01-24,voluntary,price_too_high,48318,0
C0049419,2026-03-16,voluntary,competitor_fiber,31397,0
C0007472,2026-02-25,non_payment,collections_writeoff,18775,0
C0021046,2026-03-23,non_payment,collections_writeoff,99179,0
C0025758,2026-03-04,voluntary,price_too_high,85422,0
C0029084,2026-01-12,voluntary,price_too_high,64810,1
C0032772,2026-03-02,voluntary,moved_to_competitor_5g,78102,0
C0003039,2026-02-14,non_payment,collections_writeoff,55408,1
C0013751,2026-02-22,voluntary,competitor_fiber,38113,0
C0043827,2026-02-12,non_payment,collections_writeoff,44145,0
C0020340,2026-02-11,involuntary,fraud,26270,0
C0008061,2026-03-27,voluntary,price_too_high,63905,1
C0044350,2026-01-14,voluntary,price_too_high,99179,0
C0024515,2026-01-21,non_payment,collections_writeoff,40418,0
C0010465,2026-02-12,non_payment,collections_writeoff,15712,0
C0011441,2026-02-22,non_payment,collections_writeoff,50859,1
C0028232,2026-03-30,non_payment,collections_writeoff,43102,1
C0025401,2026-03-05,relocation,moved_out_of_footprint,71226,0
C0035237,2026-02-06,non_payment,collections_writeoff,24665,1
C0029948,2026-03-26,voluntary,competitor_fiber,65704,0
C0038948,2026-02-21,voluntary,price_too_high,76290,0
C0003722,2026-03-12,voluntary,competitor_fiber,22726,1
C0008528,2026-01-05,voluntary,competitor_fiber,40418,0
C0025646,2026-02-28,voluntary,price_too_high,38022,1
C0016500,2026-01-12,voluntary,competitor_fiber,50859,1
C0038806,2026-02-10,voluntary,price_too_high,57943,1
C0034884,2026-02-02,relocation,moved_out_of_footprint,42290,1
C0006287,2026-02-11,voluntary,price_too_high,24944,0
C0028621,2026-01-15,non_payment,collections_writeoff,71228,0
C0015612,2026-02-21,voluntary,price_too_high,48002,0
C0049338,2026-03-07,voluntary,moved_to_competitor_5g,74521,0
C0035197,2026-01-01,non_payment,collections_writeoff,48318,0
C0011694,2026-03-26,non_payment,collections_writeoff,90631,1
C0000127,2026-03-11,non_payment,collections_writeoff,39262,0
C0042587,2026-03-01,voluntary,moved_to_competitor_5g,37608,1
C0014487,2026-02-22,non_payment,collections_writeoff,26899,1
C0020704,2026-01-07,voluntary,competitor_fiber,40418,0
C0037624,2026-01-25,voluntary,competitor_fiber,65058,0
C0032045,2026-03-08,voluntary,service_quality,71228,0
C0023001,2026-02-16,non_payment,collections_writeoff,77889,1
C0015538,2026-03-21,non_payment,collections_writeoff,70169,0
C0002295,2026-03-05,voluntary,competitor_fiber,71568,1
C0021220,2026-03-22,non_payment,collections_writeoff,84338,1
C0031520,2026-02-26,voluntary,price_too_high,57943,1
C0011353,2026-01-07,voluntary,moved_to_competitor_5g,36136,0
C0037489,2026-01-27,non_payment,collections_writeoff,69363,1
C0011730,2026-02-04,involuntary,fraud,68710,1
C0041253,2026-03-12,voluntary,moved_to_competitor_5g,69363,1
C0040391,2026-01-17,voluntary,competitor_fiber,39262,0
C0023307,2026-02-06,involuntary,deceased,68710,1
C0047787,2026-02-26,non_payment,collections_writeoff,99179,0
C0012324,2026-03-31,non_payment,collections_writeoff,14892,1
C0012986,2026-03-04,involuntary,fraud,64745,0
C0034963,2026-01-16,voluntary,competitor_fiber,14200,0
C0007075,2026-01-04,non_payment,collections_writeoff,48318,0
C0049529,2026-03-22,relocation,moved_out_of_footprint,15712,0
C0007581,2026-03-19,voluntary,price_too_high,50859,1
C0030689,2026-01-31,voluntary,moved_to_competitor_5g,39460,0
C0003760,2026-01-21,voluntary,price_too_high,14644,0
C0030501,2026-02-09,voluntary,competitor_fiber,71413,0
C0035226,2026-03-12,non_payment,collections_writeoff,82951,1
C0003955,2026-01-02,voluntary,service_quality,59214,1
C0017108,2026-03-12,voluntary,competitor_fiber,85846,1
C0029214,2026-02-22,non_payment,collections_writeoff,82925,0
C0027150,2026-01-12,voluntary,moved_to_competitor_5g,32768,1
C0029707,2026-01-29,voluntary,price_too_high,36872,1
C0009233,2026-01-15,voluntary,moved_to_competitor_5g,77889,1
C0045556,2026-03-01,non_payment,collections_writeoff,85846,1
C0018499,2026-01-16,voluntary,competitor_fiber,63651,0
C0014460,2026-03-24,non_payment,collections_writeoff,90631,1
C0008424,2026-01-20,voluntary,price_too_high,80363,1
C0030568,2026-03-05,non_payment,collections_writeoff,10348,1
C0021357,2026-02-07,voluntary,service_quality,58915,1
C0024827,2026-03-07,voluntary,price_too_high,70968,1
C0033956,2026-02-04,voluntary,moved_to_competitor_5g,68710,1
C0034422,2026-02-23,non_payment,collections_writeoff,49849,0
C0026467,2026-03-03,non_payment,collections_writeoff,61397,1
C0025154,2026-03-02,voluntary,competitor_fiber,45413,0
C0004330,2026-02-01,involuntary,deceased,84437,0
C0000311,2026-02-28,voluntary,moved_to_competitor_5g,99082,1
C0028256,2026-03-12,involuntary,terms_violation,18342,0
C0028186,2026-01-19,voluntary,price_too_high,20366,1
C0037540,2026-02-19,non_payment,collections_writeoff,57668,1
C0006365,2026-01-25,voluntary,price_too_high,50682,1
C0031892,2026-03-18,voluntary,price_too_high,24086,0
C0018201,2026-03-07,non_payment,collections_writeoff,63402,0
C0045349,2026-01-18,voluntary,price_too_high,22726,1
C0027705,2026-01-09,non_payment,collections_writeoff,96952,0
C0002107,2026-02-05,non_payment,collections_writeoff,25464,1
C0011546,2026-02-23,relocation,moved_out_of_footprint,85422,0
C0002975,2026-02-13,voluntary,service_quality,21437,1
C0042524,2026-03-06,non_payment,collections_writeoff,42290,1
C0039208,2026-02-04,involuntary,deceased,71226,0
C0022419,2026-01-01,voluntary,price_too_high,53384,1
C0040505,2026-02-06,voluntary,moved_to_competitor_5g,20366,1
C0017854,2026-02-08,voluntary,competitor_fiber,20366,1
C0009105,2026-03-17,involuntary,fraud,95846,0
C0002816,2026-03-16,non_payment,collections_writeoff,63651,0
C0003760,2026-03-26,non_payment,collections_writeoff,14644,0
C0029687,2026-03-04,voluntary,moved_to_competitor_5g,65704,0
C0047075,2026-01-20,voluntary,competitor_fiber,17727,1
C0016942,2026-02-27,non_payment,collections_writeoff,23394,0
C0012824,2026-03-10,relocation,moved_out_of_footprint,42290,1
C0039718,2026-03-03,voluntary,service_quality,41592,0
C0015709,2026-02-14,voluntary,moved_to_competitor_5g,81299,0
C0009346,2026-02-12,non_payment,collections_writeoff,55443,0
C0048437,2026-03-12,non_payment,collections_writeoff,41592,0
C0005852,2026-03-11,voluntary,moved_to_competitor_5g,43102,1
C0041027,2026-02-18,non_payment,collections_writeoff,58060,1
C0000533,2026-02-28,relocation,moved_out_of_footprint,57668,1
C0010528,2026-02-11,voluntary,competitor_fiber,21437,1
C0008127,2026-01-25,non_payment,collections_writeoff,41092,0
C0017000,2026-03-31,non_payment,collections_writeoff,85422,0
C0021305,2026-01-31,non_payment,collections_writeoff,14493,1
C0035972,2026-03-15,involuntary,fraud,82563,0
C0045730,2026-02-19,voluntary,competitor_fiber,58915,1
C0023190,2026-01-30,voluntary,service_quality,98559,1
C0048068,2026-02-22,voluntary,price_too_high,34725,1
C0031100,2026-01-06,non_payment,collections_writeoff,29795,0
C0040975,2026-02-10,relocation,moved_out_of_footprint,64745,0
C0020849,2026-03-02,relocation,moved_out_of_footprint,16607,0
C0008368,2026-02-18,non_payment,collections_writeoff,25464,1
C0032028,2026-02-19,non_payment,collections_writeoff,84147,1
C0044343,2026-03-26,voluntary,competitor_fiber,76339,0
C0013321,2026-03-25,non_payment,collections_writeoff,71094,0
C0012438,2026-01-20,non_payment,collections_writeoff,37608,1
C0031122,2026-03-05,involuntary,deceased,18342,0
C0022461,2026-01-05,voluntary,service_quality,38864,0
C0022152,2026-01-17,voluntary,competitor_fiber,82565,1
C0010383,2026-03-06,voluntary,price_too_high,24665,1
C0041679,2026-03-17,non_payment,collections_writeoff,41592,0
C0026038,2026-02-12,voluntary,competitor_fiber,70317,0
C0014723,2026-01-13,non_payment,collections_writeoff,73118,0
C0011818,2026-02-26,voluntary,price_too_high,50623,0
C0002799,2026-01-13,non_payment,collections_writeoff,39661,0
C0017080,2026-03-09,non_payment,collections_writeoff,14646,0
C0024412,2026-02-28,voluntary,price_too_high,31609,0
C0045574,2026-01-02,voluntary,price_too_high,82563,0
C0014783,2026-01-19,voluntary,price_too_high,71061,1
C0016388,2026-02-22,non_payment,collections_writeoff,25464,1
C0033386,2026-03-25,involuntary,deceased,69363,1
C0027796,2026-01-20,involuntary,terms_violation,92139,1
C0036180,2026-01-10,involuntary,deceased,55883,0
C0000259,2026-03-02,non_payment,collections_writeoff,21864,1
C0020313,2026-02-03,voluntary,competitor_fiber,64760,0
C0029753,2026-02-13,non_payment,collections_writeoff,81299,0
C0048005,2026-03-21,non_payment,collections_writeoff,58915,1
C0019454,2026-03-30,voluntary,price_too_high,64810,1
C0028939,2026-02-20,non_payment,collections_writeoff,55883,0
C0017646,2026-03-25,involuntary,terms_violation,20366,1
C0026925,2026-01-11,involuntary,fraud,46443,0
C0002626,2026-02-12,voluntary,competitor_fiber,96473,1
C0035491,2026-03-28,non_payment,collections_writeoff,38113,0
C0007417,2026-03-10,voluntary,service_quality,21437,1
C0038029,2026-02-18,relocation,moved_out_of_footprint,18775,0
C0019542,2026-02-10,non_payment,collections_writeoff,44145,0
C0014520,2026-03-22,non_payment,collections_writeoff,53616,0
C0011435,2026-03-04,voluntary,competitor_fiber,57943,1
C0018313,2026-03-11,voluntary,price_too_high,75244,0
C0045438,2026-01-05,non_payment,collections_writeoff,89248,0
C0049667,2026-03-21,voluntary,service_quality,96473,1
C0037531,2026-01-09,voluntary,competitor_fiber,38113,0
C0043826,2026-01-31,voluntary,competitor_fiber,64874,0
C0048551,2026-03-22,non_payment,collections_writeoff,17727,1
C0047248,2026-03-29,voluntary,competitor_fiber,12914,1
C0002288,2026-02-06,non_payment,collections_writeoff,91235,0
C0035064,2026-01-30,voluntary,service_quality,54807,1
C0041961,2026-01-12,voluntary,moved_to_competitor_5g,55408,1
C0027256,2026-02-25,voluntary,service_quality,80363,1
C0019309,2026-01-13,voluntary,price_too_high,85422,0
C0017067,2026-03-23,non_payment,collections_writeoff,44918,0
C0031599,2026-01-13,non_payment,collections_writeoff,69374,0
C0004157,2026-02-26,voluntary,price_too_high,22457,1
C0036447,2026-01-22,non_payment,collections_writeoff,73118,0
C0047643,2026-03-30,relocation,moved_out_of_footprint,59197,1
C0036944,2026-02-08,involuntary,deceased,63651,0
C0037912,2026-01-04,non_payment,collections_writeoff,59197,1
C0039656,2026-01-06,voluntary,moved_to_competitor_5g,14200,0
C0000822,2026-02-11,non_payment,collections_writeoff,34725,1
C0014521,2026-01-08,voluntary,price_too_high,66911,1
C0007046,2026-02-07,non_payment,collections_writeoff,84147,1
C0027085,2026-02-15,non_payment,collections_writeoff,20943,1
C0023910,2026-02-17,non_payment,collections_writeoff,58648,0
C0006938,2026-02-25,non_payment,collections_writeoff,85846,1
C0004618,2026-01-19,voluntary,service_quality,80363,1
C0014526,2026-02-01,voluntary,competitor_fiber,58915,1
C0023022,2026-03-09,voluntary,price_too_high,11739,0
C0014659,2026-02-22,non_payment,collections_writeoff,21747,1
C0044573,2026-03-14,non_payment,collections_writeoff,26899,1
C0017867,2026-03-29,non_payment,collections_writeoff,67946,1
C0026668,2026-01-24,voluntary,service_quality,44517,0
C0048429,2026-01-22,voluntary,service_quality,91235,0
C0045481,2026-01-23,voluntary,service_quality,38113,0
C0014819,2026-01-11,voluntary,moved_to_competitor_5g,81963,0
C0018925,2026-03-20,voluntary,price_too_high,58648,0
C0031780,2026-02-18,involuntary,deceased,43102,1
C0025429,2026-03-21,non_payment,collections_writeoff,14892,1
C0022469,2026-03-29,voluntary,service_quality,45413,0
C0038259,2026-01-31,non_payment,collections_writeoff,63870,0
C0012703,2026-03-05,voluntary,service_quality,57668,1
C0027063,2026-03-16,voluntary,competitor_fiber,64745,0
C0025112,2026-01-19,involuntary,deceased,25464,1
C0015656,2026-01-30,voluntary,competitor_fiber,57943,1
C0047580,2026-03-01,involuntary,deceased,55883,0
C0028375,2026-03-23,voluntary,service_quality,90971,1
C0046971,2026-02-02,non_payment,collections_writeoff,71228,0
C0043667,2026-02-28,non_payment,collections_writeoff,18775,0
C0015062,2026-02-02,non_payment,collections_writeoff,12914,1
C0039725,2026-03-27,non_payment,collections_writeoff,53616,0
C0015747,2026-01-02,non_payment,collections_writeoff,39367,1
C0003910,2026-03-01,non_payment,collections_writeoff,59214,1
C0026133,2026-02-06,relocation,moved_out_of_footprint,28094,1
C0033096,2026-03-28,non_payment,collections_writeoff,70317,0
C0042925,2026-03-11,voluntary,competitor_fiber,44939,1
C0008767,2026-01-21,voluntary,moved_to_competitor_5g,54744,0
C0011969,2026-01-10,voluntary,price_too_high,42290,1
C0011695,2026-02-26,non_payment,collections_writeoff,42290,1
C0028491,2026-02-14,involuntary,fraud,72611,1
C0048832,2026-03-17,non_payment,collections_writeoff,31609,0
C0025869,2026-02-08,non_payment,collections_writeoff,38666,0
C0025953,2026-03-23,voluntary,price_too_high,22726,1
C0030309,2026-02-24,non_payment,collections_writeoff,25464,1
C0016512,2026-03-30,non_payment,collections_writeoff,84147,1
C0019950,2026-02-02,voluntary,price_too_high,61397,1
C0028298,2026-02-28,voluntary,price_too_high,21747,1
C0017865,2026-02-08,voluntary,price_too_high,69374,0
C0042536,2026-01-26,voluntary,service_quality,54744,0
C0024677,2026-02-19,non_payment,collections_writeoff,90971,1
C0011094,2026-03-03,voluntary,competitor_fiber,59214,1
C0025635,2026-01-14,involuntary,deceased,18775,0
C0015847,2026-01-31,voluntary,service_quality,33314,0
C0042764,2026-02-18,non_payment,collections_writeoff,68710,1
C0032473,2026-03-15,non_payment,collections_writeoff,71226,0
C0011862,2026-02-15,non_payment,collections_writeoff,50859,1
C0034119,2026-03-15,voluntary,service_quality,25464,1
C0001205,2026-02-07,non_payment,collections_writeoff,40418,0
C0002758,2026-03-31,non_payment,collections_writeoff,99179,0
C0045636,2026-02-07,non_payment,collections_writeoff,70434,0
C0012410,2026-01-03,non_payment,collections_writeoff,59214,1
C0028367,2026-03-26,non_payment,collections_writeoff,24944,0
C0015876,2026-02-20,voluntary,service_quality,36872,1
C0023037,2026-02-05,voluntary,price_too_high,95590,0
C0022912,2026-01-02,voluntary,price_too_high,39460,0
C0016509,2026-03-14,involuntary,terms_violation,77889,1
C0049127,2026-03-29,non_payment,collections_writeoff,33314,0
C0014690,2026-01-07,voluntary,moved_to_competitor_5g,38113,0
C0032611,2026-03-19,non_payment,collections_writeoff,13234,0
C0011657,2026-03-05,voluntary,price_too_high,85846,1
C0039282,2026-02-06,voluntary,competitor_fiber,74521,0
C0007863,2026-01-30,voluntary,competitor_fiber,47558,0
C0045351,2026-03-19,voluntary,price_too_high,61397,1
C0008514,2026-02-15,involuntary,fraud,34200,1
C0041287,2026-01-29,voluntary,service_quality,92139,1
C0037098,2026-03-23,involuntary,terms_violation,50623,0
C0041358,2026-01-25,non_payment,collections_writeoff,64874,0
C0030103,2026-03-21,non_payment,collections_writeoff,84155,0
C0045591,2026-02-02,relocation,moved_out_of_footprint,36872,1
C0015886,2026-03-28,voluntary,moved_to_competitor_5g,97173,0
C0041864,2026-03-26,voluntary,moved_to_competitor_5g,31397,0
C0005295,2026-03-29,non_payment,collections_writeoff,65058,0
C0035086,2026-01-18,voluntary,competitor_fiber,12914,1
C0021195,2026-03-22,voluntary,service_quality,38113,0
C0021948,2026-01-13,voluntary,moved_to_competitor_5g,80363,1
C0014074,2026-03-22,non_payment,collections_writeoff,82563,0
C0004089,2026-03-24,relocation,moved_out_of_footprint,21747,1
C0008368,2026-01-06,non_payment,collections_writeoff,25464,1
C0029756,2026-02-09,voluntary,price_too_high,39367,1
C0011647,2026-02-26,non_payment,collections_writeoff,82563,0
C0017346,2026-01-05,involuntary,deceased,85846,1
C0000916,2026-03-16,voluntary,service_quality,68710,1
C0039997,2026-02-16,voluntary,competitor_fiber,84185,0
C0032437,2026-01-17,non_payment,collections_writeoff,22457,1
C0047921,2026-01-12,voluntary,competitor_fiber,84185,0
C0018468,2026-02-07,non_payment,collections_writeoff,66911,1
C0003035,2026-02-11,voluntary,competitor_fiber,21747,1
C0022562,2026-02-23,voluntary,service_quality,99577,0
C0031689,2026-01-23,voluntary,price_too_high,84155,0
C0001008,2026-01-26,non_payment,collections_writeoff,33314,0
C0026014,2026-01-17,non_payment,collections_writeoff,95873,0
C0004699,2026-03-11,non_payment,collections_writeoff,54744,0
C0011858,2026-02-16,voluntary,service_quality,68710,1
C0020019,2026-03-09,non_payment,collections_writeoff,71094,0
C0036060,2026-03-06,non_payment,collections_writeoff,34725,1
C0046436,2026-02-04,voluntary,moved_to_competitor_5g,79069,0
C0023817,2026-01-22,voluntary,price_too_high,94492,0
C0020727,2026-02-02,non_payment,collections_writeoff,98559,1
C0002480,2026-03-03,involuntary,fraud,11957,0
C0027108,2026-02-07,voluntary,moved_to_competitor_5g,59214,1
C0042188,2026-02-13,voluntary,competitor_fiber,67946,1
C0031336,2026-01-15,voluntary,competitor_fiber,70169,0
C0004595,2026-03-01,voluntary,service_quality,49849,0
C0030547,2026-01-10,non_payment,collections_writeoff,98559,1
C0015147,2026-01-19,non_payment,collections_writeoff,71226,0
C0007752,2026-01-29,voluntary,service_quality,81963,0
C0046285,2026-03-28,voluntary,competitor_fiber,98559,1
C0021853,2026-03-28,voluntary,competitor_fiber,44517,0
C0017833,2026-02-20,non_payment,collections_writeoff,41092,0
C0042407,2026-03-13,voluntary,price_too_high,76290,0
C0047758,2026-02-16,non_payment,collections_writeoff,72611,1
C0022445,2026-01-12,non_payment,collections_writeoff,23944,1
C0035056,2026-02-20,non_payment,collections_writeoff,81299,0
C0037712,2026-01-02,voluntary,price_too_high,37754,1
C0016663,2026-02-03,voluntary,competitor_fiber,26899,1
C0049203,2026-03-10,non_payment,collections_writeoff,26270,0
C0043302,2026-01-16,voluntary,moved_to_competitor_5g,95590,0
C0048767,2026-02-28,non_payment,collections_writeoff,74546,1
C0031523,2026-02-17,non_payment,collections_writeoff,38022,1
C0038262,2026-03-28,non_payment,collections_writeoff,58648,0
C0023545,2026-03-28,voluntary,price_too_high,24665,1
C0046174,2026-02-03,non_payment,collections_writeoff,33314,0
C0034006,2026-03-16,voluntary,service_quality,81021,0
C0028704,2026-02-18,relocation,moved_out_of_footprint,50550,0
C0028045,2026-03-23,non_payment,collections_writeoff,40418,0
C0009106,2026-02-17,voluntary,price_too_high,61397,1
C0001663,2026-01-14,involuntary,terms_violation,38022,1
C0014208,2026-03-28,non_payment,collections_writeoff,14892,1
C0004612,2026-01-30,non_payment,collections_writeoff,47558,0
C0044194,2026-03-02,voluntary,price_too_high,90971,1
C0036914,2026-01-04,voluntary,competitor_fiber,80363,1
C0027927,2026-03-21,voluntary,competitor_fiber,21747,1
C0045376,2026-03-13,voluntary,competitor_fiber,42290,1
C0042202,2026-02-11,non_payment,collections_writeoff,28094,1
C0007746,2026-03-20,involuntary,terms_violation,49756,0
C0019643,2026-01-29,non_payment,collections_writeoff,38113,0
C0039045,2026-03-24,non_payment,collections_writeoff,64874,0
C0035165,2026-01-09,voluntary,service_quality,38864,0
C0034478,2026-03-23,voluntary,service_quality,70434,0
C0038307,2026-03-01,voluntary,moved_to_competitor_5g,82563,0
C0020704,2026-03-31,voluntary,price_too_high,40418,0
C0033949,2026-02-08,non_payment,collections_writeoff,34955,1
C0003698,2026-03-25,voluntary,competitor_fiber,37754,1
C0023192,2026-02-22,voluntary,service_quality,92374,1
C0017695,2026-01-15,voluntary,moved_to_competitor_5g,18342,0
C0006377,2026-01-18,voluntary,price_too_high,78299,0
C0023698,2026-01-06,non_payment,collections_writeoff,70968,1
C0004192,2026-01-05,voluntary,moved_to_competitor_5g,82565,1
C0040733,2026-02-08,voluntary,service_quality,14892,1
C0038993,2026-03-05,involuntary,deceased,71228,0
C0040346,2026-01-15,relocation,moved_out_of_footprint,32768,1
C0014456,2026-01-13,involuntary,fraud,94492,0
C0000202,2026-01-31,non_payment,collections_writeoff,84338,1
C0033033,2026-03-10,voluntary,price_too_high,59197,1
C0006748,2026-01-18,non_payment,collections_writeoff,32768,1
C0005978,2026-02-19,non_payment,collections_writeoff,21797,0
C0011371,2026-02-28,voluntary,price_too_high,14493,1
C0021076,2026-02-17,involuntary,terms_violation,25464,1
C0002988,2026-03-27,voluntary,competitor_fiber,44145,0
C0009974,2026-03-31,voluntary,competitor_fiber,71568,1
C0017950,2026-03-11,relocation,moved_out_of_footprint,45413,0
C0026880,2026-02-23,voluntary,competitor_fiber,14644,0
C0020923,2026-03-17,voluntary,service_quality,71934,0
C0047428,2026-01-20,voluntary,service_quality,34725,1
C0032934,2026-02-23,voluntary,service_quality,99820,1
C0036512,2026-03-25,non_payment,collections_writeoff,23944,1
C0039908,2026-01-13,voluntary,moved_to_competitor_5g,90971,1
C0005291,2026-03-04,involuntary,fraud,53616,0
C0000417,2026-03-20,relocation,moved_out_of_footprint,65704,0
C0041079,2026-02-22,voluntary,competitor_fiber,68710,1
C0046317,2026-02-05,involuntary,terms_violation,33693,1
C0027278,2026-01-05,voluntary,service_quality,95846,0
C0022250,2026-03-30,non_payment,collections_writeoff,74521,0
C0022296,2026-02-17,voluntary,competitor_fiber,20366,1
C0034282,2026-01-28,involuntary,terms_violation,44918,0
C0014330,2026-02-26,voluntary,service_quality,53384,1
C0014798,2026-02-26,voluntary,competitor_fiber,26899,1
C0005769,2026-01-31,voluntary,service_quality,99196,0
C0036180,2026-02-16,non_payment,collections_writeoff,55883,0
C0020479,2026-01-13,voluntary,moved_to_competitor_5g,73118,0
C0036551,2026-03-29,involuntary,deceased,53486,0
C0003525,2026-02-17,voluntary,service_quality,81021,0
C0019952,2026-03-11,non_payment,collections_writeoff,14646,0
C0038631,2026-03-24,non_payment,collections_writeoff,33314,0
C0035372,2026-02-15,voluntary,competitor_fiber,63870,0
C0012710,2026-01-08,non_payment,collections_writeoff,72611,1
C0036072,2026-02-20,voluntary,competitor_fiber,70434,0
C0015959,2026-02-05,voluntary,competitor_fiber,84147,1
C0023030,2026-01-25,voluntary,competitor_fiber,35401,1
C0031092,2026-01-16,voluntary,competitor_fiber,49756,0
C0001856,2026-02-28,non_payment,collections_writeoff,43481,0
C0011888,2026-01-12,non_payment,collections_writeoff,26899,1
C0036893,2026-03-26,voluntary,competitor_fiber,78102,0
C0045121,2026-01-28,non_payment,collections_writeoff,70548,0
C0000252,2026-03-24,non_payment,collections_writeoff,71061,1
C0025307,2026-03-23,voluntary,moved_to_competitor_5g,44145,0
C0005007,2026-03-18,voluntary,price_too_high,38047,1
C0049704,2026-01-03,involuntary,fraud,17727,1
C0004280,2026-01-07,voluntary,service_quality,17727,1
C0002297,2026-02-12,voluntary,price_too_high,43102,1
C0031875,2026-02-01,non_payment,collections_writeoff,28094,1
C0019325,2026-01-17,voluntary,moved_to_competitor_5g,96473,1
C0026495,2026-03-14,non_payment,collections_writeoff,44535,1
C0016334,2026-01-27,voluntary,moved_to_competitor_5g,67946,1
C0039884,2026-01-09,non_payment,collections_writeoff,15712,0
C0043326,2026-03-12,voluntary,competitor_fiber,84147,1
C0048558,2026-01-27,voluntary,service_quality,41092,0
C0010012,2026-03-17,voluntary,competitor_fiber,71568,1
C0018103,2026-01-28,voluntary,competitor_fiber,96473,1
C0016282,2026-01-30,voluntary,service_quality,22457,1
C0009499,2026-02-12,voluntary,moved_to_competitor_5g,23944,1
C0013184,2026-01-19,voluntary,service_quality,96952,0
C0011295,2026-03-18,voluntary,competitor_fiber,84147,1
C0038368,2026-01-01,non_payment,collections_writeoff,25352,0
C0017675,2026-02-05,voluntary,service_quality,70755,1
C0006699,2026-01-19,voluntary,price_too_high,57668,1
C0002104,2026-01-17,involuntary,fraud,39367,1
C0011299,2026-03-11,voluntary,service_quality,90631,1
C0043560,2026-02-02,non_payment,collections_writeoff,55443,0
C0016999,2026-01-23,non_payment,collections_writeoff,64874,0
C0045089,2026-01-15,non_payment,collections_writeoff,59214,1
C0014409,2026-03-26,voluntary,competitor_fiber,42052,0
C0041812,2026-01-04,voluntary,competitor_fiber,62104,0
C0037888,2026-01-17,voluntary,price_too_high,65058,0
C0005668,2026-01-02,voluntary,service_quality,14892,1
C0026981,2026-02-15,involuntary,deceased,66911,1
C0017770,2026-01-31,voluntary,competitor_fiber,59214,1
C0038770,2026-03-17,involuntary,deceased,96434,0
C0001113,2026-02-11,voluntary,price_too_high,99082,1
C0025534,2026-01-03,non_payment,collections_writeoff,33823,0
C0048247,2026-01-23,involuntary,terms_violation,82345,0
C0016165,2026-02-03,involuntary,terms_violation,38022,1
C0015596,2026-01-07,non_payment,collections_writeoff,24086,0
C0038475,2026-01-17,non_payment,collections_writeoff,65058,0
C0001380,2026-02-23,non_payment,collections_writeoff,42052,0
C0038783,2026-03-09,voluntary,service_quality,53616,0
C0000333,2026-01-15,voluntary,moved_to_competitor_5g,24944,0
C0038565,2026-01-09,voluntary,price_too_high,23944,1
C0034993,2026-03-02,voluntary,service_quality,77889,1
C0008041,2026-02-27,voluntary,competitor_fiber,55408,1
C0029652,2026-02-16,involuntary,fraud,16607,0
C0000963,2026-03-07,voluntary,competitor_fiber,22457,1
C0017880,2026-03-17,voluntary,price_too_high,90631,1
C0008698,2026-01-14,relocation,moved_out_of_footprint,99820,1
C0023489,2026-02-27,involuntary,deceased,47558,0
C0047188,2026-03-06,non_payment,collections_writeoff,41092,0
C0010280,2026-01-29,voluntary,competitor_fiber,54744,0
C0042148,2026-03-20,non_payment,collections_writeoff,53486,0
C0037684,2026-01-06,voluntary,competitor_fiber,25464,1
C0026974,2026-03-26,non_payment,collections_writeoff,53384,1
C0037312,2026-03-08,voluntary,competitor_fiber,20943,1
C0024735,2026-02-08,non_payment,collections_writeoff,54744,0
C0009085,2026-02-28,involuntary,terms_violation,38047,1
C0046081,2026-03-24,involuntary,terms_violation,82565,1
C0026566,2026-01-04,involuntary,fraud,35401,1
C0011066,2026-01-08,non_payment,collections_writeoff,25352,0
C0024276,2026-03-03,involuntary,fraud,78102,0
C0000090,2026-02-21,voluntary,service_quality,63651,0
C0027359,2026-02-24,voluntary,competitor_fiber,33693,1
C0042561,2026-03-29,non_payment,collections_writeoff,23801,0
C0031870,2026-01-14,non_payment,collections_writeoff,71568,1
C0023394,2026-03-04,non_payment,collections_writeoff,82345,0
C0049878,2026-02-26,voluntary,service_quality,54807,1
C0014152,2026-01-10,non_payment,collections_writeoff,47558,0
C0006638,2026-01-11,voluntary,service_quality,99820,1
C0004475,2026-02-11,voluntary,price_too_high,20366,1
C0001983,2026-03-19,non_payment,collections_writeoff,25464,1
C0003380,2026-01-19,voluntary,price_too_high,99179,0
C0017788,2026-01-09,non_payment,collections_writeoff,47558,0
C0026666,2026-01-17,voluntary,price_too_high,62104,0
C0014390,2026-02-05,voluntary,price_too_high,64810,1
C0043527,2026-03-21,non_payment,collections_writeoff,64760,0
C0016811,2026-03-23,voluntary,competitor_fiber,71568,1
C0043034,2026-03-16,voluntary,service_quality,24944,0
C0019910,2026-03-12,voluntary,price_too_high,48318,0
C0042536,2026-02-11,involuntary,fraud,54744,0
C0038019,2026-02-18,voluntary,price_too_high,23394,0
C0021699,2026-03-18,non_payment,collections_writeoff,12914,1
C0021002,2026-03-09,voluntary,service_quality,66347,0
C0007354,2026-02-07,voluntary,competitor_fiber,48318,0
C0004448,2026-02-28,voluntary,competitor_fiber,50682,1
C0004153,2026-03-06,relocation,moved_out_of_footprint,21931,1
C0035934,2026-03-19,voluntary,moved_to_competitor_5g,31397,0
C0010137,2026-02-25,voluntary,competitor_fiber,20366,1
C0047816,2026-01-13,non_payment,collections_writeoff,36218,0
C0034922,2026-03-31,voluntary,service_quality,33823,0
C0019154,2026-01-15,involuntary,fraud,99196,0
C0005388,2026-03-25,voluntary,moved_to_competitor_5g,99034,1
C0006958,2026-03-25,voluntary,price_too_high,55443,0
C0015483,2026-03-12,voluntary,service_quality,21864,1
C0006280,2026-01-28,voluntary,competitor_fiber,44939,1
C0016975,2026-02-25,voluntary,moved_to_competitor_5g,76339,0
C0005119,2026-02-27,non_payment,collections_writeoff,50550,0
C0005863,2026-01-30,non_payment,collections_writeoff,71226,0
C0011058,2026-02-22,non_payment,collections_writeoff,84338,1
C0015082,2026-02-13,voluntary,moved_to_competitor_5g,37608,1
C0034124,2026-02-28,involuntary,deceased,72611,1
C0034214,2026-02-21,voluntary,price_too_high,92139,1
C0010940,2026-02-23,voluntary,price_too_high,34955,1
C0010778,2026-01-13,non_payment,collections_writeoff,78299,0
C0031236,2026-02-10,voluntary,service_quality,92374,1
C0040268,2026-02-24,non_payment,collections_writeoff,63905,1
C0007624,2026-02-10,voluntary,competitor_fiber,59214,1
C0033400,2026-03-27,voluntary,competitor_fiber,49756,0
C0045271,2026-02-02,non_payment,collections_writeoff,73118,0
C0028224,2026-02-17,voluntary,competitor_fiber,99820,1
C0010683,2026-01-20,non_payment,collections_writeoff,20366,1
C0034745,2026-03-29,voluntary,competitor_fiber,95846,0
C0011162,2026-03-02,non_payment,collections_writeoff,96473,1
C0036173,2026-01-09,non_payment,collections_writeoff,62104,0
C0025193,2026-01-12,voluntary,competitor_fiber,57668,1
C0048221,2026-01-11,non_payment,collections_writeoff,59214,1
C0030604,2026-01-12,voluntary,price_too_high,44939,1
C0025007,2026-02-25,non_payment,collections_writeoff,50623,0
C0029086,2026-01-13,voluntary,competitor_fiber,23944,1
C0029847,2026-02-17,voluntary,moved_to_competitor_5g,71568,1
C0043800,2026-01-17,voluntary,service_quality,70968,1
C0014819,2026-03-13,voluntary,service_quality,81963,0
C0008695,2026-01-08,non_payment,collections_writeoff,95846,0
C0015031,2026-03-17,voluntary,service_quality,23801,0
C0039718,2026-03-13,voluntary,price_too_high,41592,0
C0030430,2026-03-13,voluntary,price_too_high,21864,1
C0018667,2026-02-12,non_payment,collections_writeoff,38047,1
C0004908,2026-03-27,voluntary,competitor_fiber,94492,0
C0009696,2026-01-16,voluntary,service_quality,82563,0
C0042832,2026-02-22,non_payment,collections_writeoff,21437,1
C0034973,2026-02-15,voluntary,moved_to_competitor_5g,74521,0
C0019764,2026-03-27,involuntary,deceased,55443,0
C0029058,2026-02-24,voluntary,competitor_fiber,50550,0
C0013471,2026-01-07,non_payment,collections_writeoff,41092,0
C0010130,2026-02-06,non_payment,collections_writeoff,36218,0
C0020986,2026-03-18,voluntary,moved_to_competitor_5g,67946,1
C0010228,2026-02-09,relocation,moved_out_of_footprint,96473,1
C0005164,2026-02-15,non_payment,collections_writeoff,78102,0
C0041518,2026-01-14,voluntary,competitor_fiber,34955,1
C0031339,2026-03-15,voluntary,competitor_fiber,39367,1
C0017808,2026-03-06,non_payment,collections_writeoff,71094,0
C0047687,2026-01-28,non_payment,collections_writeoff,47558,0
C0018403,2026-01-20,non_payment,collections_writeoff,36136,0
C0047746,2026-03-26,voluntary,service_quality,39262,0
C0013793,2026-03-03,non_payment,collections_writeoff,22457,1
C0008969,2026-01-29,non_payment,collections_writeoff,31397,0
C0002627,2026-01-14,voluntary,service_quality,38864,0
C0047750,2026-02-14,voluntary,service_quality,79069,0
C0007660,2026-03-13,relocation,moved_out_of_footprint,38047,1
C0009423,2026-02-17,voluntary,competitor_fiber,68710,1
C0012725,2026-01-15,non_payment,collections_writeoff,49849,0
C0048284,2026-02-05,non_payment,collections_writeoff,21551,0
C0019605,2026-03-15,non_payment,collections_writeoff,16607,0
C0006061,2026-01-29,involuntary,deceased,43481,0
C0020879,2026-02-24,voluntary,service_quality,71226,0
C0024928,2026-03-13,non_payment,collections_writeoff,70755,1
C0022832,2026-03-21,voluntary,price_too_high,77889,1
C0018443,2026-03-20,non_payment,collections_writeoff,24665,1
C0001478,2026-03-28,involuntary,fraud,58915,1
C0043851,2026-03-24,non_payment,collections_writeoff,96434,0
C0035286,2026-03-13,involuntary,deceased,97554,0
C0010030,2026-01-04,non_payment,collections_writeoff,71934,0
C0033541,2026-03-19,voluntary,price_too_high,50859,1
C0021051,2026-03-26,voluntary,price_too_high,69363,1
C0020825,2026-03-30,involuntary,terms_violation,49226,0
C0005946,2026-02-04,non_payment,collections_writeoff,17727,1
C0011757,2026-01-04,non_payment,collections_writeoff,33693,1
C0011269,2026-01-24,non_payment,collections_writeoff,67946,1
C0008373,2026-02-04,non_payment,collections_writeoff,50682,1
C0043698,2026-03-31,involuntary,fraud,15642,0
C0021777,2026-02-09,non_payment,collections_writeoff,68710,1
C0026055,2026-02-13,involuntary,terms_violation,39367,1
C0049165,2026-02-14,non_payment,collections_writeoff,50859,1
C0031749,2026-01-01,voluntary,service_quality,21864,1
C0037807,2026-01-24,voluntary,moved_to_competitor_5g,25352,0
C0030699,2026-01-19,non_payment,collections_writeoff,38022,1
C0023027,2026-03-14,relocation,moved_out_of_footprint,69363,1
C0037977,2026-03-26,non_payment,collections_writeoff,82954,0
C0000867,2026-02-21,non_payment,collections_writeoff,53384,1
C0036768,2026-01-09,involuntary,fraud,48318,0
C0001051,2026-01-19,voluntary,price_too_high,64810,1
C0026978,2026-03-23,non_payment,collections_writeoff,40418,0
C0048136,2026-01-04,non_payment,collections_writeoff,77889,1
C0009519,2026-01-12,non_payment,collections_writeoff,36970,0
C0010735,2026-03-09,involuntary,terms_violation,81963,0
C0015383,2026-01-28,non_payment,collections_writeoff,10348,1
C0047811,2026-02-18,voluntary,service_quality,90971,1
C0024911,2026-02-23,voluntary,competitor_fiber,55408,1
C0021317,2026-02-28,non_payment,collections_writeoff,50682,1
C0027558,2026-02-13,voluntary,competitor_fiber,59197,1
C0004622,2026-01-21,voluntary,price_too_high,27636,1
C0010483,2026-02-17,non_payment,collections_writeoff,85846,1
C0022876,2026-02-09,voluntary,competitor_fiber,34955,1
C0014361,2026-02-11,voluntary,competitor_fiber,61397,1
C0049496,2026-03-14,voluntary,competitor_fiber,38047,1
C0031348,2026-03-18,voluntary,competitor_fiber,37754,1
C0014627,2026-01-11,voluntary,competitor_fiber,33823,0
C0029864,2026-01-07,non_payment,collections_writeoff,44939,1
C0047666,2026-01-20,voluntary,moved_to_competitor_5g,21864,1
C0049107,2026-01-21,non_payment,collections_writeoff,21864,1
C0014715,2026-03-21,voluntary,competitor_fiber,46830,0
C0032516,2026-01-07,voluntary,competitor_fiber,48002,0
C0002886,2026-03-28,non_payment,collections_writeoff,73118,0
C0001272,2026-01-11,non_payment,collections_writeoff,35401,1
C0046298,2026-02-04,non_payment,collections_writeoff,33823,0
C0011482,2026-02-26,non_payment,collections_writeoff,94492,0
C0031691,2026-03-26,non_payment,collections_writeoff,50859,1
C0029198,2026-02-24,non_payment,collections_writeoff,14493,1
C0037575,2026-03-04,non_payment,collections_writeoff,57943,1
C0046741,2026-03-19,non_payment,collections_writeoff,21931,1
C0032237,2026-02-26,relocation,moved_out_of_footprint,17727,1
C0047502,2026-02-23,non_payment,collections_writeoff,25352,0
C0048039,2026-02-04,voluntary,price_too_high,58060,1
C0039249,2026-01-28,voluntary,price_too_high,15712,0
C0048400,2026-03-07,non_payment,collections_writeoff,20366,1
C0021229,2026-01-15,voluntary,service_quality,90631,1
C0009874,2026-02-14,voluntary,service_quality,74546,1
C0036391,2026-02-25,voluntary,competitor_fiber,95846,0
C0001150,2026-01-15,relocation,moved_out_of_footprint,63905,1
C0019735,2026-02-06,non_payment,collections_writeoff,82565,1
C0033646,2026-03-28,voluntary,service_quality,95846,0
C0036355,2026-03-28,non_payment,collections_writeoff,44535,1
C0044490,2026-03-17,voluntary,competitor_fiber,95846,0
C0002132,2026-03-04,voluntary,competitor_fiber,49849,0
C0007628,2026-03-09,non_payment,collections_writeoff,92139,1
C0025013,2026-03-27,voluntary,competitor_fiber,90631,1
C0046180,2026-02-09,non_payment,collections_writeoff,41092,0
C0026675,2026-01-06,voluntary,competitor_fiber,64874,0
C0033677,2026-01-29,voluntary,service_quality,26270,0
C0005582,2026-02-20,voluntary,competitor_fiber,77889,1
C0011346,2026-03-18,voluntary,competitor_fiber,65704,0
C0026514,2026-01-08,voluntary,competitor_fiber,24665,1
C0044891,2026-01-01,voluntary,moved_to_competitor_5g,96434,0
C0029827,2026-01-27,voluntary,price_too_high,20366,1
C0049797,2026-02-08,voluntary,price_too_high,71094,0
C0047278,2026-01-28,voluntary,service_quality,95873,0
C0000846,2026-01-18,involuntary,terms_violation,39460,0
C0008976,2026-02-02,relocation,moved_out_of_footprint,47558,0
C0039731,2026-02-07,voluntary,service_quality,50859,1
C0010685,2026-02-11,voluntary,price_too_high,33823,0
C0014583,2026-01-16,voluntary,service_quality,58060,1
C0042418,2026-01-01,non_payment,collections_writeoff,64760,0
C0021152,2026-03-05,voluntary,competitor_fiber,25464,1
C0043028,2026-02-25,voluntary,competitor_fiber,36872,1
C0046024,2026-01-23,voluntary,service_quality,26899,1
C0048337,2026-01-17,non_payment,collections_writeoff,82481,0
C0029162,2026-02-18,non_payment,collections_writeoff,71934,0
C0010866,2026-03-10,voluntary,competitor_fiber,21931,1
C0046849,2026-01-30,non_payment,collections_writeoff,82345,0
C0021951,2026-03-06,non_payment,collections_writeoff,46830,0
C0022821,2026-03-13,involuntary,deceased,38022,1
C0019930,2026-03-27,non_payment,collections_writeoff,71061,1
C0036310,2026-02-15,voluntary,competitor_fiber,14493,1
C0028171,2026-01-10,voluntary,competitor_fiber,36872,1
C0013226,2026-02-20,non_payment,collections_writeoff,71061,1
C0009778,2026-01-06,voluntary,service_quality,22457,1
C0014573,2026-02-25,relocation,moved_out_of_footprint,14644,0
C0049592,2026-01-03,non_payment,collections_writeoff,33823,0
C0018573,2026-02-28,voluntary,competitor_fiber,21864,1
C0020148,2026-01-10,involuntary,terms_violation,33823,0
C0016090,2026-02-10,non_payment,collections_writeoff,92391,1
C0013753,2026-03-15,involuntary,deceased,25464,1
C0002472,2026-02-24,voluntary,competitor_fiber,34725,1
C0007322,2026-03-15,voluntary,competitor_fiber,66347,0
C0034827,2026-02-21,voluntary,competitor_fiber,95590,0
C0008851,2026-03-23,voluntary,competitor_fiber,67946,1
C0002150,2026-02-23,relocation,moved_out_of_footprint,50623,0
C0004849,2026-02-07,voluntary,service_quality,39367,1
C0002837,2026-01-15,voluntary,price_too_high,84437,0
C0017146,2026-02-21,non_payment,collections_writeoff,90631,1
C0041973,2026-01-03,non_payment,collections_writeoff,38666,0
C0015226,2026-02-11,non_payment,collections_writeoff,39661,0
C0004941,2026-01-22,non_payment,collections_writeoff,58648,0
C0013462,2026-03-21,voluntary,competitor_fiber,40418,0
C0028948,2026-02-28,voluntary,service_quality,96473,1
C0047904,2026-03-30,voluntary,competitor_fiber,44939,1
C0037995,2026-02-16,voluntary,competitor_fiber,38864,0
C0016551,2026-01-12,non_payment,collections_writeoff,14644,0
C0046695,2026-02-25,non_payment,collections_writeoff,50682,1
C0018278,2026-01-14,voluntary,moved_to_competitor_5g,99196,0
C0033090,2026-02-01,voluntary,moved_to_competitor_5g,40418,0
C0015091,2026-02-25,non_payment,collections_writeoff,20239,0
C0018829,2026-03-17,voluntary,service_quality,78299,0
C0015783,2026-02-21,voluntary,moved_to_competitor_5g,54807,1
C0041174,2026-03-09,non_payment,collections_writeoff,54807,1
C0006255,2026-01-11,non_payment,collections_writeoff,70317,0
C0037830,2026-02-20,non_payment,collections_writeoff,64745,0
C0002337,2026-02-09,voluntary,competitor_fiber,39367,1
C0012183,2026-02-13,non_payment,collections_writeoff,21797,0
C0048824,2026-01-29,non_payment,collections_writeoff,21931,1
C0046993,2026-02-12,non_payment,collections_writeoff,54744,0
C0032015,2026-01-22,voluntary,competitor_fiber,70548,0
C0002775,2026-01-10,voluntary,price_too_high,70548,0
C0029204,2026-03-07,voluntary,moved_to_competitor_5g,57943,1
C0024879,2026-03-23,involuntary,deceased,91235,0
C0033489,2026-01-15,voluntary,price_too_high,21437,1
C0018896,2026-03-09,non_payment,collections_writeoff,77328,0
C0038172,2026-03-07,voluntary,competitor_fiber,99034,1
C0007230,2026-01-25,relocation,moved_out_of_footprint,46443,0
C0029710,2026-02-14,voluntary,service_quality,92139,1
C0006286,2026-02-14,non_payment,collections_writeoff,55443,0
C0026954,2026-03-24,voluntary,service_quality,71568,1
C0037516,2026-01-19,voluntary,competitor_fiber,39367,1
C0036490,2026-01-31,voluntary,moved_to_competitor_5g,27636,1
C0027822,2026-01-14,non_payment,collections_writeoff,81021,0
C0021711,2026-01-19,non_payment,collections_writeoff,44517,0
C0026692,2026-02-02,involuntary,deceased,36218,0
C0045417,2026-01-26,non_payment,collections_writeoff,99082,1
C0040657,2026-01-23,non_payment,collections_writeoff,38666,0
C0031522,2026-03-19,voluntary,price_too_high,81963,0
C0034534,2026-01-20,non_payment,collections_writeoff,42052,0
C0024772,2026-03-25,non_payment,collections_writeoff,80959,0
C0024907,2026-01-10,voluntary,competitor_fiber,21797,0
C0016573,2026-01-23,non_payment,collections_writeoff,95846,0
C0028539,2026-03-22,non_payment,collections_writeoff,90631,1
C0002121,2026-03-05,voluntary,price_too_high,79069,0
C0011815,2026-03-01,voluntary,competitor_fiber,61397,1
C0030146,2026-03-14,voluntary,competitor_fiber,18775,0
C0047402,2026-03-16,non_payment,collections_writeoff,36136,0
C0028343,2026-02-27,non_payment,collections_writeoff,20943,1
C0000700,2026-03-29,non_payment,collections_writeoff,92391,1
C0034637,2026-03-14,voluntary,price_too_high,71226,0
C0027278,2026-03-24,voluntary,competitor_fiber,95846,0
C0024797,2026-03-23,non_payment,collections_writeoff,54807,1
C0028537,2026-03-21,non_payment,collections_writeoff,65058,0
C0034496,2026-02-11,non_payment,collections_writeoff,32658,0
C0018253,2026-03-22,voluntary,competitor_fiber,59214,1
C0022209,2026-02-10,non_payment,collections_writeoff,69330,0
C0038906,2026-01-20,involuntary,terms_violation,54807,1
C0013238,2026-02-26,voluntary,service_quality,57943,1
C0044007,2026-01-09,non_payment,collections_writeoff,92139,1
C0029677,2026-03-02,voluntary,price_too_high,61397,1
C0039695,2026-02-26,voluntary,competitor_fiber,54807,1
C0037295,2026-03-22,voluntary,price_too_high,37608,1
C0045548,2026-02-08,voluntary,price_too_high,32768,1
C0011162,2026-02-05,voluntary,price_too_high,96473,1
C0033867,2026-03-17,voluntary,competitor_fiber,41092,0
C0002125,2026-01-08,voluntary,price_too_high,67946,1
C0011738,2026-02-15,involuntary,deceased,22726,1
C0025846,2026-03-06,non_payment,collections_writeoff,21931,1
C0003526,2026-01-10,non_payment,collections_writeoff,26270,0
C0044513,2026-02-09,involuntary,terms_violation,81963,0
C0018805,2026-03-01,non_payment,collections_writeoff,84147,1
C0026021,2026-02-27,non_payment,collections_writeoff,99820,1
C0028996,2026-01-05,non_payment,collections_writeoff,35401,1
C0021151,2026-01-08,non_payment,collections_writeoff,39262,0
C0034076,2026-02-17,voluntary,moved_to_competitor_5g,44145,0
C0007768,2026-02-06,non_payment,collections_writeoff,25464,1
C0030542,2026-01-10,relocation,moved_out_of_footprint,99179,0
C0026223,2026-03-24,non_payment,collections_writeoff,49226,0
C0022815,2026-01-12,voluntary,price_too_high,70434,0
C0028272,2026-03-20,voluntary,competitor_fiber,64810,1
C0035425,2026-03-18,involuntary,deceased,80363,1
C0002071,2026-03-06,voluntary,service_quality,82954,0
C0036506,2026-02-19,non_payment,collections_writeoff,14200,0
C0036969,2026-03-01,voluntary,service_quality,20366,1
C0042694,2026-03-16,non_payment,collections_writeoff,82563,0
C0020123,2026-03-12,non_payment,collections_writeoff,33823,0
C0034511,2026-01-06,non_payment,collections_writeoff,57943,1
C0020511,2026-02-27,non_payment,collections_writeoff,61397,1
C0014222,2026-03-15,non_payment,collections_writeoff,85846,1
C0039772,2026-03-25,non_payment,collections_writeoff,17727,1
C0045166,2026-01-25,voluntary,competitor_fiber,54744,0
C0013435,2026-02-11,voluntary,competitor_fiber,20943,1
C0031989,2026-03-19,voluntary,service_quality,23944,1
C0040183,2026-03-02,voluntary,competitor_fiber,82951,1
C0047954,2026-03-06,non_payment,collections_writeoff,44145,0
C0044917,2026-01-20,involuntary,fraud,25352,0
C0045898,2026-01-08,voluntary,competitor_fiber,38047,1
C0006528,2026-02-27,non_payment,collections_writeoff,91235,0
C0040547,2026-01-14,voluntary,competitor_fiber,74546,1
C0029050,2026-02-13,voluntary,competitor_fiber,70755,1
C0005033,2026-01-11,voluntary,competitor_fiber,57943,1
C0037950,2026-03-06,voluntary,price_too_high,21747,1
C0024668,2026-03-24,voluntary,competitor_fiber,11967,0
C0009184,2026-01-23,non_payment,collections_writeoff,22726,1
C0028100,2026-01-06,voluntary,service_quality,32768,1
C0032366,2026-02-01,voluntary,service_quality,13234,0
C0006310,2026-02-26,non_payment,collections_writeoff,74546,1
C0004606,2026-02-26,voluntary,competitor_fiber,34200,1
C0043336,2026-03-09,relocation,moved_out_of_footprint,69374,0
C0048618,2026-03-08,voluntary,moved_to_competitor_5g,90631,1
C0005373,2026-03-20,voluntary,moved_to_competitor_5g,92139,1
C0013955,2026-01-21,voluntary,service_quality,70968,1
C0029961,2026-02-16,non_payment,collections_writeoff,58060,1
C0034728,2026-02-17,voluntary,price_too_high,99034,1
C0020746,2026-02-06,non_payment,collections_writeoff,78299,0
C0003153,2026-02-19,non_payment,collections_writeoff,71061,1
C0038473,2026-02-22,voluntary,service_quality,71061,1
C0027953,2026-02-13,non_payment,collections_writeoff,91235,0
C0001458,2026-03-28,involuntary,deceased,50623,0
C0028292,2026-03-18,non_payment,collections_writeoff,22726,1
C0003290,2026-01-07,voluntary,price_too_high,74521,0
C0021131,2026-03-22,involuntary,deceased,90971,1
C0006558,2026-03-24,voluntary,price_too_high,71061,1
C0040706,2026-02-12,voluntary,moved_to_competitor_5g,84147,1
C0022253,2026-01-09,voluntary,competitor_fiber,72904,0
C0031664,2026-02-12,voluntary,price_too_high,82563,0
C0030512,2026-01-13,non_payment,collections_writeoff,37608,1
C0008547,2026-03-13,non_payment,collections_writeoff,58060,1
C0024498,2026-03-28,voluntary,service_quality,67946,1
C0004937,2026-02-19,relocation,moved_out_of_footprint,72904,0
C0023626,2026-02-06,voluntary,service_quality,53384,1
C0010244,2026-02-02,voluntary,competitor_fiber,34725,1
C0007149,2026-03-26,non_payment,collections_writeoff,44535,1
C0002568,2026-03-19,non_payment,collections_writeoff,14646,0
C0006027,2026-01-20,voluntary,price_too_high,20239,0
C0048211,2026-02-12,voluntary,service_quality,58915,1
C0027857,2026-01-11,voluntary,moved_to_competitor_5g,59214,1
C0037122,2026-03-16,relocation,moved_out_of_footprint,31609,0
C0017224,2026-03-26,voluntary,moved_to_competitor_5g,49965,1
C0029423,2026-01-19,non_payment,collections_writeoff,76290,0
C0019018,2026-02-14,non_payment,collections_writeoff,76290,0
C0024665,2026-02-09,voluntary,competitor_fiber,12914,1
C0016469,2026-03-25,voluntary,service_quality,32768,1
C0028509,2026-03-31,non_payment,collections_writeoff,20239,0
C0032181,2026-03-26,non_payment,collections_writeoff,82563,0
C0008248,2026-02-20,non_payment,collections_writeoff,67946,1
C0044789,2026-01-17,voluntary,price_too_high,71568,1
C0020918,2026-03-18,voluntary,competitor_fiber,69330,0
C0041038,2026-01-11,non_payment,collections_writeoff,81299,0
C0017481,2026-02-09,voluntary,service_quality,32768,1
C0000201,2026-03-13,non_payment,collections_writeoff,94681,1
C0013188,2026-02-18,non_payment,collections_writeoff,98436,1
C0041808,2026-03-24,involuntary,deceased,70317,0
C0034913,2026-02-12,relocation,moved_out_of_footprint,82951,1
C0022063,2026-01-17,non_payment,collections_writeoff,43102,1
C0034840,2026-03-27,non_payment,collections_writeoff,71413,0
C0047620,2026-03-31,relocation,moved_out_of_footprint,49965,1
C0012608,2026-03-29,non_payment,collections_writeoff,78102,0
C0017779,2026-03-09,non_payment,collections_writeoff,71228,0
C0012997,2026-01-12,non_payment,collections_writeoff,42290,1
C0024477,2026-03-24,non_payment,collections_writeoff,78102,0
C0024691,2026-03-27,voluntary,competitor_fiber,63905,1
C0028534,2026-02-24,involuntary,terms_violation,38047,1
C0012274,2026-03-07,non_payment,collections_writeoff,84155,0
C0036331,2026-02-16,voluntary,competitor_fiber,33823,0
C0017494,2026-01-03,voluntary,competitor_fiber,23944,1
C0008848,2026-02-16,non_payment,collections_writeoff,36136,0
C0048950,2026-02-09,voluntary,price_too_high,36872,1
C0020711,2026-01-24,non_payment,collections_writeoff,36872,1
C0015810,2026-01-28,voluntary,moved_to_competitor_5g,32768,1
C0037316,2026-02-13,non_payment,collections_writeoff,20943,1
C0036554,2026-03-04,voluntary,competitor_fiber,23801,0
C0035817,2026-01-25,voluntary,competitor_fiber,21931,1
C0027658,2026-01-29,involuntary,terms_violation,64745,0
C0045936,2026-01-18,non_payment,collections_writeoff,36218,0
C0030523,2026-01-20,voluntary,price_too_high,41092,0
C0041935,2026-01-10,non_payment,collections_writeoff,79069,0
C0002455,2026-02-07,non_payment,collections_writeoff,91235,0
C0013284,2026-01-13,non_payment,collections_writeoff,82345,0
C0001400,2026-03-06,non_payment,collections_writeoff,70548,0
C0043167,2026-03-11,involuntary,fraud,57668,1
C0020079,2026-03-09,non_payment,collections_writeoff,70755,1
C0011534,2026-01-05,relocation,moved_out_of_footprint,14646,0
C0029864,2026-03-26,non_payment,collections_writeoff,44939,1
C0001556,2026-02-13,voluntary,service_quality,77889,1
C0003626,2026-03-21,involuntary,deceased,26899,1
C0048967,2026-01-17,voluntary,moved_to_competitor_5g,98559,1
C0006203,2026-03-18,voluntary,service_quality,36970,0
C0026674,2026-02-18,involuntary,terms_violation,49756,0
C0027024,2026-01-20,non_payment,collections_writeoff,84147,1
C0026011,2026-01-21,voluntary,competitor_fiber,55443,0
C0045956,2026-01-24,non_payment,collections_writeoff,85422,0
C0015470,2026-03-30,involuntary,terms_violation,42052,0
C0037922,2026-03-21,non_payment,collections_writeoff,72611,1
C0009964,2026-01-22,voluntary,competitor_fiber,12914,1
C0034424,2026-02-26,voluntary,service_quality,38113,0
C0031099,2026-01-06,voluntary,price_too_high,81963,0
C0015603,2026-02-22,relocation,moved_out_of_footprint,33314,0
C0020540,2026-02-16,voluntary,competitor_fiber,82345,0
C0011272,2026-03-28,non_payment,collections_writeoff,66911,1
C0049046,2026-01-31,voluntary,price_too_high,41592,0
C0014288,2026-02-26,voluntary,competitor_fiber,70755,1
C0011923,2026-03-20,voluntary,price_too_high,59197,1
C0020300,2026-02-06,non_payment,collections_writeoff,98436,1
C0020913,2026-02-27,voluntary,service_quality,44939,1
C0027730,2026-01-30,non_payment,collections_writeoff,14646,0
C0037465,2026-03-10,voluntary,competitor_fiber,66911,1
C0010274,2026-01-31,voluntary,competitor_fiber,25464,1
C0020742,2026-02-09,involuntary,terms_violation,11967,0
C0020224,2026-03-02,voluntary,service_quality,67946,1
C0018202,2026-01-25,involuntary,terms_violation,63870,0
C0023790,2026-02-17,voluntary,price_too_high,67946,1
C0047510,2026-03-28,non_payment,collections_writeoff,44918,0
C0046903,2026-03-15,involuntary,terms_violation,71228,0
C0024101,2026-02-26,involuntary,terms_violation,82951,1
C0006383,2026-03-01,non_payment,collections_writeoff,72904,0
C0015755,2026-02-06,non_payment,collections_writeoff,42290,1
C0002282,2026-02-18,voluntary,competitor_fiber,21747,1
C0031980,2026-03-06,non_payment,collections_writeoff,64745,0
C0029850,2026-03-09,non_payment,collections_writeoff,16607,0
C0010257,2026-02-23,non_payment,collections_writeoff,82565,1
C0029855,2026-01-21,voluntary,service_quality,22726,1
C0032332,2026-01-26,non_payment,collections_writeoff,21797,0
C0007030,2026-03-19,non_payment,collections_writeoff,84185,0
C0025459,2026-01-18,voluntary,competitor_fiber,33693,1
C0033222,2026-02-02,voluntary,competitor_fiber,77889,1
C0019720,2026-01-07,voluntary,competitor_fiber,36136,0
C0026468,2026-03-24,non_payment,collections_writeoff,77889,1
C0048981,2026-03-03,non_payment,collections_writeoff,84147,1
C0002424,2026-02-17,voluntary,price_too_high,21864,1
C0022203,2026-03-12,non_payment,collections_writeoff,84155,0
C0042234,2026-01-14,voluntary,competitor_fiber,17727,1
C0006570,2026-03-08,voluntary,service_quality,12914,1
C0022176,2026-01-16,non_payment,collections_writeoff,33314,0
C0030874,2026-02-06,involuntary,fraud,71226,0
C0041767,2026-01-11,non_payment,collections_writeoff,63870,0
C0034721,2026-01-21,voluntary,price_too_high,50859,1
C0010509,2026-02-04,voluntary,competitor_fiber,81299,0
C0032426,2026-02-27,non_payment,collections_writeoff,10348,1
C0014497,2026-03-07,non_payment,collections_writeoff,38022,1
C0019284,2026-01-19,non_payment,collections_writeoff,26270,0
C0002997,2026-02-25,voluntary,service_quality,71568,1
C0026839,2026-01-12,voluntary,price_too_high,42290,1
C0004245,2026-01-29,voluntary,service_quality,20366,1
C0036433,2026-02-27,voluntary,service_quality,98559,1
C0042016,2026-02-14,relocation,moved_out_of_footprint,67946,1
C0026296,2026-01-04,non_payment,collections_writeoff,71061,1
C0036275,2026-02-23,non_payment,collections_writeoff,44535,1
C0039821,2026-01-07,non_payment,collections_writeoff,96434,0
C0012065,2026-02-20,voluntary,moved_to_competitor_5g,94492,0
C0037773,2026-03-06,non_payment,collections_writeoff,26899,1
C0020470,2026-02-17,voluntary,moved_to_competitor_5g,23944,1
C0042545,2026-01-31,voluntary,service_quality,43481,0
C0008526,2026-02-19,relocation,moved_out_of_footprint,49849,0
C0033693,2026-01-11,non_payment,collections_writeoff,71228,0
C0020933,2026-02-17,voluntary,competitor_fiber,33314,0
C0008750,2026-01-29,voluntary,price_too_high,89248,0
C0042111,2026-01-04,voluntary,competitor_fiber,70755,1
C0038865,2026-02-10,involuntary,fraud,67946,1
C0021469,2026-01-13,involuntary,deceased,71228,0
C0023739,2026-03-25,non_payment,collections_writeoff,31609,0
C0037392,2026-02-12,voluntary,price_too_high,38666,0
C0034166,2026-01-19,non_payment,collections_writeoff,95590,0
C0021404,2026-01-18,non_payment,collections_writeoff,36970,0
C0025789,2026-01-05,involuntary,fraud,58648,0
C0018463,2026-02-06,non_payment,collections_writeoff,45413,0
C0014712,2026-03-02,voluntary,competitor_fiber,20943,1
C0030423,2026-03-31,voluntary,competitor_fiber,82951,1
C0038823,2026-01-18,non_payment,collections_writeoff,59214,1
C0005832,2026-03-02,voluntary,service_quality,72904,0
C0030306,2026-02-27,involuntary,fraud,85422,0
C0031029,2026-03-20,voluntary,competitor_fiber,78102,0
C0013046,2026-01-01,voluntary,moved_to_competitor_5g,99082,1
C0007305,2026-01-11,voluntary,competitor_fiber,94681,1
C0046285,2026-01-03,voluntary,price_too_high,98559,1
C0003011,2026-02-02,non_payment,collections_writeoff,36970,0
C0000926,2026-01-28,involuntary,deceased,57668,1
C0021668,2026-01-20,non_payment,collections_writeoff,39367,1
C0028519,2026-03-12,relocation,moved_out_of_footprint,10348,1
C0044146,2026-03-19,voluntary,competitor_fiber,38666,0
C0016664,2026-03-09,voluntary,service_quality,84338,1
C0025166,2026-02-24,voluntary,service_quality,50859,1
C0012676,2026-01-15,non_payment,collections_writeoff,39367,1
C0048919,2026-02-06,involuntary,terms_violation,81021,0
C0034826,2026-01-31,non_payment,collections_writeoff,21797,0
C0027941,2026-02-08,non_payment,collections_writeoff,20239,0
C0025251,2026-01-16,voluntary,price_too_high,99179,0
C0018545,2026-01-07,voluntary,price_too_high,33823,0
C0003156,2026-01-31,non_payment,collections_writeoff,82563,0
C0010954,2026-02-23,non_payment,collections_writeoff,44517,0
C0001987,2026-03-23,voluntary,service_quality,89248,0
C0020219,2026-03-21,non_payment,collections_writeoff,71934,0
C0046904,2026-02-28,voluntary,competitor_fiber,11957,0
C0013583,2026-01-09,voluntary,price_too_high,54744,0
C0016274,2026-01-15,relocation,moved_out_of_footprint,11739,0
C0041868,2026-03-05,non_payment,collections_writeoff,36136,0
C0027308,2026-03-18,non_payment,collections_writeoff,42290,1
C0000804,2026-03-10,voluntary,price_too_high,20943,1
C0045418,2026-01-03,voluntary,competitor_fiber,34955,1
C0034582,2026-03-22,voluntary,service_quality,21747,1
C0048242,2026-03-07,voluntary,competitor_fiber,84155,0
C0025659,2026-03-15,non_payment,collections_writeoff,67946,1
C0020201,2026-01-31,voluntary,competitor_fiber,22726,1
C0019266,2026-01-19,voluntary,price_too_high,61397,1
C0042389,2026-02-07,non_payment,collections_writeoff,46443,0
C0023220,2026-02-24,involuntary,deceased,21797,0
C0039206,2026-01-01,voluntary,competitor_fiber,72611,1
C0000352,2026-03-20,voluntary,price_too_high,96473,1
C0001539,2026-02-15,voluntary,service_quality,21747,1
C0047748,2026-01-31,non_payment,collections_writeoff,21747,1
C0047396,2026-03-15,voluntary,competitor_fiber,94681,1
C0000227,2026-02-23,non_payment,collections_writeoff,49226,0
C0001171,2026-01-24,non_payment,collections_writeoff,11967,0
C0047311,2026-03-27,voluntary,competitor_fiber,28094,1
C0045132,2026-03-27,voluntary,price_too_high,99179,0
C0030677,2026-01-11,voluntary,competitor_fiber,96473,1
C0008156,2026-03-09,non_payment,collections_writeoff,90971,1
C0041707,2026-02-16,voluntary,moved_to_competitor_5g,77889,1
C0028373,2026-01-09,relocation,moved_out_of_footprint,22726,1
C0009293,2026-03-09,involuntary,fraud,21551,0
C0007684,2026-03-11,voluntary,moved_to_competitor_5g,26270,0
C0032719,2026-03-06,voluntary,price_too_high,44517,0
C0014634,2026-03-06,non_payment,collections_writeoff,53486,0
C0018416,2026-03-12,involuntary,fraud,72904,0
C0018542,2026-01-03,voluntary,moved_to_competitor_5g,82565,1
C0017251,2026-02-19,involuntary,fraud,14644,0
C0039138,2026-03-02,non_payment,collections_writeoff,97173,0
C0030846,2026-01-06,non_payment,collections_writeoff,33693,1
C0020514,2026-03-23,relocation,moved_out_of_footprint,92374,1
C0004119,2026-02-19,non_payment,collections_writeoff,39262,0
C0002034,2026-02-17,non_payment,collections_writeoff,68710,1
C0020680,2026-02-02,involuntary,fraud,25352,0
C0012477,2026-01-03,voluntary,service_quality,58915,1
C0036417,2026-02-15,involuntary,deceased,71226,0
C0043085,2026-01-09,relocation,moved_out_of_footprint,12914,1
C0049633,2026-02-14,non_payment,collections_writeoff,96434,0
C0038789,2026-01-31,non_payment,collections_writeoff,44939,1
C0012382,2026-03-26,involuntary,fraud,81299,0
C0047776,2026-03-22,non_payment,collections_writeoff,99034,1
C0003508,2026-01-14,non_payment,collections_writeoff,13234,0
C0048964,2026-03-16,voluntary,service_quality,97173,0
C0030819,2026-02-12,involuntary,deceased,92139,1
C0040715,2026-01-18,non_payment,collections_writeoff,99082,1
C0024945,2026-01-06,non_payment,collections_writeoff,77328,0
C0040561,2026-02-15,voluntary,competitor_fiber,22726,1
C0031377,2026-03-11,non_payment,collections_writeoff,99577,0
C0020213,2026-02-13,non_payment,collections_writeoff,66911,1
C0012872,2026-03-24,voluntary,moved_to_competitor_5g,74521,0
C0030481,2026-01-23,non_payment,collections_writeoff,90631,1
C0038368,2026-03-29,non_payment,collections_writeoff,25352,0
C0032309,2026-03-01,involuntary,deceased,49756,0
C0034587,2026-03-31,voluntary,competitor_fiber,41092,0
C0006371,2026-03-03,voluntary,moved_to_competitor_5g,69374,0
C0008018,2026-03-22,non_payment,collections_writeoff,38666,0
C0016769,2026-01-24,non_payment,collections_writeoff,33823,0
C0004869,2026-01-18,non_payment,collections_writeoff,49849,0
C0017878,2026-01-09,voluntary,price_too_high,49965,1
C0013920,2026-02-28,voluntary,price_too_high,25352,0
C0040946,2026-01-05,non_payment,collections_writeoff,84437,0
C0014062,2026-02-07,non_payment,collections_writeoff,81299,0
C0029910,2026-01-26,non_payment,collections_writeoff,12914,1
C0037408,2026-01-06,involuntary,terms_violation,62104,0
C0011834,2026-01-26,involuntary,fraud,99196,0
C0026766,2026-01-06,non_payment,collections_writeoff,78299,0
C0040809,2026-02-10,voluntary,competitor_fiber,80363,1
C0001702,2026-02-09,voluntary,service_quality,33693,1
C0035753,2026-03-07,non_payment,collections_writeoff,70317,0
C0044651,2026-02-20,involuntary,fraud,14644,0
C0018150,2026-03-11,non_payment,collections_writeoff,36136,0
C0049727,2026-03-02,voluntary,moved_to_competitor_5g,77889,1
C0026590,2026-02-02,voluntary,service_quality,82565,1
C0005874,2026-01-05,voluntary,service_quality,49965,1
C0031448,2026-03-24,voluntary,competitor_fiber,98559,1
C0026171,2026-01-25,non_payment,collections_writeoff,37608,1
C0000450,2026-02-06,voluntary,competitor_fiber,14493,1
C0021590,2026-02-15,involuntary,deceased,44145,0
C0046314,2026-01-07,non_payment,collections_writeoff,44535,1
C0027036,2026-03-25,non_payment,collections_writeoff,24665,1
C0039769,2026-02-12,non_payment,collections_writeoff,44918,0
C0035107,2026-02-04,non_payment,collections_writeoff,66347,0
C0011966,2026-01-16,voluntary,price_too_high,99034,1
C0042182,2026-02-17,involuntary,deceased,66911,1
C0040658,2026-02-25,voluntary,service_quality,58060,1
C0048746,2026-02-21,involuntary,deceased,85422,0
C0000338,2026-02-26,non_payment,collections_writeoff,58915,1
C0004229,2026-02-19,non_payment,collections_writeoff,62104,0
C0032793,2026-02-13,voluntary,price_too_high,63905,1
C0042974,2026-01-24,non_payment,collections_writeoff,49965,1
C0007045,2026-03-05,voluntary,service_quality,70548,0
C0044268,2026-03-30,voluntary,competitor_fiber,42052,0
C0012856,2026-03-05,voluntary,competitor_fiber,39460,0
C0021647,2026-02-17,voluntary,competitor_fiber,21864,1
C0009264,2026-03-08,non_payment,collections_writeoff,74546,1
C0036328,2026-02-04,voluntary,moved_to_competitor_5g,14892,1
C0020323,2026-01-11,voluntary,price_too_high,54744,0
C0004935,2026-02-24,non_payment,collections_writeoff,11739,0
C0005958,2026-01-11,voluntary,moved_to_competitor_5g,96434,0
C0042073,2026-02-25,non_payment,collections_writeoff,81963,0
C0040109,2026-03-19,voluntary,price_too_high,22457,1
C0029193,2026-01-24,relocation,moved_out_of_footprint,37754,1
C0045960,2026-03-11,voluntary,service_quality,92391,1
C0034734,2026-02-07,voluntary,price_too_high,20366,1
C0038060,2026-02-11,non_payment,collections_writeoff,49965,1
C0035016,2026-01-14,voluntary,competitor_fiber,50859,1
C0029292,2026-01-11,voluntary,moved_to_competitor_5g,63402,0
C0043068,2026-02-11,non_payment,collections_writeoff,58915,1
C0030378,2026-03-26,involuntary,terms_violation,71934,0
C0038704,2026-02-07,non_payment,collections_writeoff,54807,1
C0032462,2026-02-09,voluntary,service_quality,71061,1
C0005504,2026-02-27,voluntary,service_quality,69363,1
C0019052,2026-03-19,relocation,moved_out_of_footprint,69330,0
C0039145,2026-02-24,voluntary,competitor_fiber,34725,1
C0018957,2026-01-22,non_payment,collections_writeoff,66347,0
C0045448,2026-03-30,non_payment,collections_writeoff,21797,0
C0019688,2026-02-26,voluntary,competitor_fiber,82951,1
C0016296,2026-02-14,involuntary,terms_violation,70434,0
C0037056,2026-02-27,non_payment,collections_writeoff,48318,0
C0045031,2026-01-06,voluntary,competitor_fiber,84338,1
C0038006,2026-02-15,non_payment,collections_writeoff,58648,0
C0002956,2026-03-20,involuntary,terms_violation,48002,0
C0033926,2026-02-25,voluntary,competitor_fiber,70755,1
C0033252,2026-02-05,non_payment,collections_writeoff,53616,0
C0000617,2026-03-23,non_payment,collections_writeoff,63651,0
C0020824,2026-01-08,voluntary,competitor_fiber,22457,1
C0000097,2026-01-10,voluntary,price_too_high,14644,0
C0000066,2026-03-27,non_payment,collections_writeoff,98559,1
C0046330,2026-03-23,non_payment,collections_writeoff,26899,1
C0001868,2026-02-21,non_payment,collections_writeoff,42290,1
C0007467,2026-02-16,involuntary,deceased,18342,0
C0016657,2026-03-07,non_payment,collections_writeoff,94492,0
C0028498,2026-03-28,voluntary,service_quality,98559,1
C0026275,2026-01-21,non_payment,collections_writeoff,71228,0
C0002967,2026-01-04,involuntary,deceased,62104,0
C0032721,2026-01-19,voluntary,competitor_fiber,82954,0
C0020575,2026-03-19,involuntary,deceased,16607,0
C0022330,2026-03-28,non_payment,collections_writeoff,71568,1
C0047455,2026-02-26,involuntary,terms_violation,30476,1
C0029819,2026-01-05,involuntary,deceased,36872,1
C0021798,2026-01-17,voluntary,moved_to_competitor_5g,37754,1
C0019380,2026-01-09,non_payment,collections_writeoff,36218,0
C0004639,2026-01-31,non_payment,collections_writeoff,50550,0
C0034862,2026-03-24,non_payment,collections_writeoff,35401,1
C0012130,2026-02-16,relocation,moved_out_of_footprint,33823,0
C0021025,2026-02-16,voluntary,competitor_fiber,74546,1
C0043888,2026-02-19,non_payment,collections_writeoff,37608,1
C0032822,2026-03-14,non_payment,collections_writeoff,58915,1
C0048607,2026-01-05,non_payment,collections_writeoff,15712,0
C0003630,2026-03-19,non_payment,collections_writeoff,39460,0
C0007512,2026-01-20,non_payment,collections_writeoff,94681,1
C0003410,2026-03-28,non_payment,collections_writeoff,82925,0
C0038735,2026-02-27,voluntary,service_quality,36872,1
C0021289,2026-02-17,voluntary,service_quality,23944,1
C0048979,2026-02-17,voluntary,competitor_fiber,61397,1
C0039656,2026-02-26,non_payment,collections_writeoff,14200,0
C0005007,2026-01-10,voluntary,price_too_high,38047,1
C0023641,2026-03-15,relocation,moved_out_of_footprint,37608,1
C0048370,2026-01-18,non_payment,collections_writeoff,33693,1
C0011204,2026-03-09,voluntary,competitor_fiber,37754,1
C0046395,2026-02-16,non_payment,collections_writeoff,34200,1
C0045947,2026-02-20,voluntary,competitor_fiber,38022,1
C0045616,2026-02-10,relocation,moved_out_of_footprint,42052,0
C0028718,2026-03-25,non_payment,collections_writeoff,61397,1
C0011969,2026-02-05,voluntary,service_quality,42290,1
C0008550,2026-02-01,non_payment,collections_writeoff,23801,0
C0035297,2026-01-15,voluntary,competitor_fiber,78299,0
C0009895,2026-01-04,voluntary,price_too_high,54807,1
C0030372,2026-01-24,involuntary,deceased,39367,1
C0018522,2026-03-05,voluntary,competitor_fiber,18342,0
C0000264,2026-03-08,non_payment,collections_writeoff,64760,0
C0027524,2026-02-19,voluntary,moved_to_competitor_5g,24086,0
C0048417,2026-03-13,relocation,moved_out_of_footprint,49226,0
C0036173,2026-01-16,non_payment,collections_writeoff,62104,0
C0031875,2026-02-03,non_payment,collections_writeoff,28094,1
C0030900,2026-02-03,involuntary,deceased,82563,0
C0044193,2026-02-27,voluntary,service_quality,84185,0
C0038354,2026-01-28,involuntary,terms_violation,50859,1
C0018867,2026-03-20,voluntary,service_quality,38113,0
C0003338,2026-02-06,voluntary,service_quality,79069,0
C0012430,2026-03-30,non_payment,collections_writeoff,15642,0
C0034393,2026-03-04,non_payment,collections_writeoff,50623,0
C0018825,2026-01-26,voluntary,price_too_high,99820,1
C0048306,2026-01-16,voluntary,price_too_high,49756,0
C0004403,2026-01-18,non_payment,collections_writeoff,95846,0
C0023894,2026-01-10,voluntary,moved_to_competitor_5g,37754,1
C0003202,2026-02-27,voluntary,competitor_fiber,84437,0
C0031858,2026-01-23,involuntary,deceased,38022,1
C0044478,2026-02-26,voluntary,moved_to_competitor_5g,28094,1
C0015199,2026-01-12,voluntary,price_too_high,20239,0
C0034690,2026-03-29,voluntary,competitor_fiber,27636,1
C0022058,2026-02-10,voluntary,price_too_high,33693,1
C0021356,2026-03-27,non_payment,collections_writeoff,21747,1
C0028531,2026-02-14,voluntary,service_quality,43102,1
C0013217,2026-01-09,voluntary,service_quality,90631,1
C0017465,2026-03-12,non_payment,collections_writeoff,90631,1
C0035985,2026-03-11,voluntary,service_quality,20943,1
C0023829,2026-02-07,non_payment,collections_writeoff,50623,0
C0022530,2026-02-08,non_payment,collections_writeoff,96434,0
C0034623,2026-01-21,voluntary,competitor_fiber,21797,0
C0031585,2026-03-31,non_payment,collections_writeoff,38666,0
C0046872,2026-03-23,voluntary,moved_to_competitor_5g,11967,0
C0024128,2026-01-23,voluntary,competitor_fiber,44939,1
C0034238,2026-02-16,voluntary,service_quality,70755,1
C0040781,2026-03-07,non_payment,collections_writeoff,50859,1
C0028348,2026-01-29,non_payment,collections_writeoff,16607,0
C0040754,2026-01-16,voluntary,service_quality,45413,0
C0014175,2026-01-26,voluntary,price_too_high,95590,0
C0016395,2026-01-18,voluntary,service_quality,33693,1
C0014449,2026-01-31,non_payment,collections_writeoff,74546,1
C0034175,2026-03-05,voluntary,price_too_high,57668,1
C0019261,2026-01-04,voluntary,competitor_fiber,53384,1
C0013726,2026-02-16,involuntary,terms_violation,38113,0
C0023514,2026-03-12,voluntary,competitor_fiber,38022,1
C0013033,2026-03-15,voluntary,service_quality,70755,1
C0044040,2026-02-17,non_payment,collections_writeoff,20239,0
C0032996,2026-03-01,relocation,moved_out_of_footprint,33693,1
C0009941,2026-03-12,voluntary,service_quality,64745,0
C0028280,2026-01-17,non_payment,collections_writeoff,85422,0
C0007910,2026-03-20,voluntary,moved_to_competitor_5g,32768,1
C0036831,2026-01-12,relocation,moved_out_of_footprint,69374,0
C0011069,2026-01-09,voluntary,competitor_fiber,50623,0
C0022778,2026-02-09,non_payment,collections_writeoff,71061,1
C0023282,2026-02-20,involuntary,deceased,63870,0
C0008860,2026-03-03,non_payment,collections_writeoff,76339,0
C0012471,2026-03-09,voluntary,price_too_high,34725,1
C0039603,2026-02-22,voluntary,price_too_high,94681,1
C0028694,2026-02-22,voluntary,moved_to_competitor_5g,46443,0
C0041236,2026-03-15,non_payment,collections_writeoff,57668,1
C0044227,2026-01-10,non_payment,collections_writeoff,91235,0
C0039955,2026-01-17,voluntary,service_quality,68710,1
C0040130,2026-02-10,non_payment,collections_writeoff,30476,1
C0042909,2026-03-24,non_payment,collections_writeoff,71061,1
C0022292,2026-01-10,voluntary,service_quality,99082,1
C0016935,2026-02-27,voluntary,moved_to_competitor_5g,63402,0
C0048560,2026-03-01,non_payment,collections_writeoff,67946,1
C0023701,2026-03-29,relocation,moved_out_of_footprint,43481,0
C0010437,2026-03-08,voluntary,service_quality,77889,1
C0032663,2026-02-14,voluntary,competitor_fiber,69363,1
C0009758,2026-01-17,non_payment,collections_writeoff,70968,1
C0044669,2026-03-12,non_payment,collections_writeoff,38666,0
C0011397,2026-03-23,voluntary,competitor_fiber,50859,1
C0010500,2026-03-17,voluntary,service_quality,57943,1
C0028778,2026-01-24,involuntary,fraud,36970,0
C0000432,2026-01-17,voluntary,competitor_fiber,71228,0
C0014367,2026-02-25,voluntary,price_too_high,84147,1
C0019380,2026-03-06,non_payment,collections_writeoff,36218,0
C0004645,2026-01-08,non_payment,collections_writeoff,79069,0
C0033098,2026-01-16,relocation,moved_out_of_footprint,25352,0
C0010687,2026-03-08,voluntary,price_too_high,49226,0
C0004570,2026-01-20,non_payment,collections_writeoff,97554,0
C0049448,2026-02-08,non_payment,collections_writeoff,11957,0
C0007772,2026-01-22,non_payment,collections_writeoff,99179,0
C0000967,2026-01-21,non_payment,collections_writeoff,48318,0
C0009936,2026-02-11,involuntary,terms_violation,90971,1
C0018693,2026-01-29,voluntary,price_too_high,36872,1
C0009044,2026-02-14,involuntary,terms_violation,32768,1
C0031002,2026-03-08,non_payment,collections_writeoff,14493,1
C0037645,2026-02-06,voluntary,competitor_fiber,39367,1
C0029749,2026-01-11,voluntary,service_quality,80363,1
C0000774,2026-02-02,voluntary,competitor_fiber,71568,1
C0005692,2026-01-26,voluntary,price_too_high,33693,1
C0032559,2026-03-23,non_payment,collections_writeoff,24944,0
C0022172,2026-03-12,involuntary,fraud,38047,1
C0030725,2026-02-05,voluntary,competitor_fiber,80363,1
C0046101,2026-01-17,non_payment,collections_writeoff,70548,0
C0030495,2026-03-22,non_payment,collections_writeoff,74546,1
C0033831,2026-02-08,voluntary,service_quality,82925,0
C0037655,2026-03-20,voluntary,price_too_high,25464,1
C0003789,2026-03-10,involuntary,fraud,16607,0
C0031573,2026-01-12,non_payment,collections_writeoff,71094,0
C0019381,2026-03-06,involuntary,terms_violation,92374,1
C0047972,2026-03-24,non_payment,collections_writeoff,50623,0
C0026346,2026-01-22,relocation,moved_out_of_footprint,71934,0
C0019945,2026-03-17,voluntary,service_quality,18775,0
C0047288,2026-03-16,involuntary,terms_violation,39661,0
C0031206,2026-01-20,non_payment,collections_writeoff,92374,1
C0022978,2026-01-22,voluntary,service_quality,99820,1
C0011187,2026-03-26,non_payment,collections_writeoff,64874,0
C0001957,2026-03-21,non_payment,collections_writeoff,20943,1
C0006471,2026-03-19,non_payment,collections_writeoff,57943,1
C0044512,2026-02-13,voluntary,service_quality,92374,1
C0028977,2026-03-14,voluntary,competitor_fiber,70548,0
C0040516,2026-01-06,non_payment,collections_writeoff,99179,0
C0042517,2026-01-04,involuntary,deceased,59197,1
C0024784,2026-01-11,voluntary,competitor_fiber,77889,1
C0014904,2026-01-06,non_payment,collections_writeoff,97554,0
C0008976,2026-03-24,voluntary,price_too_high,47558,0
C0025559,2026-03-15,involuntary,terms_violation,41592,0
C0008258,2026-02-03,voluntary,competitor_fiber,49226,0
C0017550,2026-03-25,voluntary,service_quality,92374,1
C0026690,2026-01-27,voluntary,price_too_high,46443,0
C0020942,2026-03-15,voluntary,moved_to_competitor_5g,90631,1
C0002206,2026-02-23,voluntary,competitor_fiber,24665,1
C0021300,2026-03-21,voluntary,price_too_high,72611,1
C0020277,2026-03-23,non_payment,collections_writeoff,82565,1
C0034748,2026-01-04,voluntary,competitor_fiber,54807,1
C0004909,2026-03-05,voluntary,price_too_high,38022,1
C0030867,2026-03-22,non_payment,collections_writeoff,47558,0
C0037330,2026-03-11,non_payment,collections_writeoff,48002,0
C0041091,2026-02-07,involuntary,fraud,38113,0
C0010295,2026-03-24,voluntary,moved_to_competitor_5g,58060,1
C0041960,2026-02-08,non_payment,collections_writeoff,84147,1
C0031845,2026-03-03,voluntary,price_too_high,15642,0
C0048875,2026-02-01,voluntary,price_too_high,43102,1
C0004782,2026-03-29,non_payment,collections_writeoff,55408,1
C0037067,2026-02-21,involuntary,fraud,34725,1
C0000940,2026-02-08,non_payment,collections_writeoff,38864,0
C0034584,2026-02-28,non_payment,collections_writeoff,65058,0
C0040612,2026-01-10,non_payment,collections_writeoff,77889,1
C0030379,2026-03-30,non_payment,collections_writeoff,70434,0
C0046364,2026-01-08,non_payment,collections_writeoff,26270,0
C0046956,2026-01-21,voluntary,price_too_high,25352,0
C0034057,2026-02-26,voluntary,moved_to_competitor_5g,82954,0
C0020280,2026-02-23,non_payment,collections_writeoff,77328,0
C0045262,2026-03-03,voluntary,price_too_high,70968,1
C0038167,2026-03-01,involuntary,fraud,55408,1
C0028377,2026-01-27,non_payment,collections_writeoff,42290,1
C0006706,2026-02-13,non_payment,collections_writeoff,92374,1
C0034993,2026-03-19,voluntary,competitor_fiber,77889,1
C0027005,2026-01-19,involuntary,deceased,38113,0
C0023225,2026-02-10,non_payment,collections_writeoff,11967,0
C0040885,2026-02-10,non_payment,collections_writeoff,85422,0
C0014141,2026-02-14,non_payment,collections_writeoff,81963,0
C0017638,2026-02-21,voluntary,price_too_high,84338,1
C0043085,2026-01-17,voluntary,competitor_fiber,12914,1
C0000748,2026-02-17,non_payment,collections_writeoff,78299,0
C0032458,2026-03-07,voluntary,moved_to_competitor_5g,80363,1
C0034802,2026-03-13,voluntary,moved_to_competitor_5g,61397,1
C0013799,2026-01-14,non_payment,collections_writeoff,38047,1
C0047954,2026-02-10,voluntary,service_quality,44145,0
C0009460,2026-01-31,voluntary,price_too_high,99577,0
C0005611,2026-03-01,non_payment,collections_writeoff,38022,1
C0008332,2026-01-16,relocation,moved_out_of_footprint,84185,0
C0042008,2026-02-04,voluntary,service_quality,98436,1
C0034678,2026-02-27,involuntary,fraud,37608,1
C0013743,2026-02-01,non_payment,collections_writeoff,22457,1
C0045513,2026-01-19,involuntary,terms_violation,11739,0
C0013936,2026-01-13,relocation,moved_out_of_footprint,82481,0
C0012895,2026-01-07,voluntary,service_quality,63905,1
C0009794,2026-02-07,voluntary,service_quality,57943,1
C0009984,2026-02-19,voluntary,price_too_high,57668,1
C0017531,2026-03-20,non_payment,collections_writeoff,39367,1
C0038680,2026-02-23,non_payment,collections_writeoff,96434,0
C0018979,2026-02-01,involuntary,terms_violation,63651,0
C0031763,2026-01-21,voluntary,service_quality,26899,1
C0007717,2026-02-11,involuntary,deceased,21551,0
C0003505,2026-03-15,non_payment,collections_writeoff,59214,1
C0008496,2026-02-10,non_payment,collections_writeoff,59197,1
C0039818,2026-01-25,voluntary,service_quality,96473,1
C0003674,2026-01-21,voluntary,service_quality,22457,1
C0009316,2026-03-05,relocation,moved_out_of_footprint,11739,0
C0025086,2026-03-07,voluntary,service_quality,39367,1
C0010939,2026-03-01,non_payment,collections_writeoff,12914,1
C0014129,2026-03-05,relocation,moved_out_of_footprint,31609,0
C0048518,2026-02-09,voluntary,price_too_high,12914,1
C0048446,2026-03-05,non_payment,collections_writeoff,17727,1
C0003985,2026-01-03,voluntary,service_quality,23944,1
C0046365,2026-01-12,non_payment,collections_writeoff,42052,0
C0046714,2026-02-20,voluntary,service_quality,44535,1
C0008054,2026-03-06,voluntary,competitor_fiber,14892,1
C0022140,2026-02-28,involuntary,terms_violation,23944,1
C0049287,2026-01-31,voluntary,competitor_fiber,90631,1
C0048395,2026-01-28,non_payment,collections_writeoff,14892,1
C0049936,2026-03-16,involuntary,deceased,82951,1
C0031463,2026-02-15,non_payment,collections_writeoff,38113,0
C0049776,2026-01-07,non_payment,collections_writeoff,69330,0
C0006109,2026-01-07,non_payment,collections_writeoff,59197,1
C0009764,2026-02-06,voluntary,price_too_high,72904,0
C0033647,2026-03-05,voluntary,competitor_fiber,80363,1
C0035459,2026-03-18,non_payment,collections_writeoff,70317,0
C0010990,2026-03-25,non_payment,collections_writeoff,63870,0
C0003699,2026-03-28,voluntary,competitor_fiber,92374,1
C0048229,2026-03-02,voluntary,moved_to_competitor_5g,21797,0
C0031837,2026-02-06,voluntary,service_quality,14644,0
C0037487,2026-03-10,voluntary,competitor_fiber,26270,0
C0020241,2026-01-02,voluntary,price_too_high,99082,1
C0045684,2026-01-14,voluntary,service_quality,71061,1
C0031930,2026-02-25,voluntary,price_too_high,38864,0
C0022430,2026-01-18,non_payment,collections_writeoff,33823,0
C0045081,2026-02-03,non_payment,collections_writeoff,33314,0
C0010882,2026-02-16,non_payment,collections_writeoff,90971,1
C0037372,2026-02-21,relocation,moved_out_of_footprint,84437,0
C0032941,2026-02-16,voluntary,moved_to_competitor_5g,26899,1
C0010404,2026-01-06,non_payment,collections_writeoff,69374,0
C0009533,2026-02-21,voluntary,price_too_high,53616,0
C0006050,2026-01-07,non_payment,collections_writeoff,71934,0
C0001244,2026-03-14,relocation,moved_out_of_footprint,42052,0
C0028908,2026-03-13,voluntary,competitor_fiber,81021,0
C0018781,2026-01-25,non_payment,collections_writeoff,63905,1
C0013834,2026-02-16,non_payment,collections_writeoff,13234,0
C0025359,2026-03-12,non_payment,collections_writeoff,82563,0
C0037465,2026-02-06,voluntary,moved_to_competitor_5g,66911,1
C0003628,2026-01-10,voluntary,moved_to_competitor_5g,99082,1
C0022280,2026-02-19,voluntary,moved_to_competitor_5g,44535,1
C0018661,2026-03-06,non_payment,collections_writeoff,49849,0
C0002220,2026-02-27,voluntary,service_quality,81963,0
C0021176,2026-03-12,voluntary,competitor_fiber,84147,1
C0005966,2026-02-05,relocation,moved_out_of_footprint,65058,0
C0039462,2026-03-21,voluntary,competitor_fiber,99179,0
C0001357,2026-03-29,non_payment,collections_writeoff,69374,0
C0048052,2026-03-20,non_payment,collections_writeoff,77889,1
C0001440,2026-01-16,non_payment,collections_writeoff,35401,1
C0033293,2026-01-17,voluntary,competitor_fiber,36872,1
C0005874,2026-01-13,relocation,moved_out_of_footprint,49965,1
C0045457,2026-02-20,voluntary,moved_to_competitor_5g,74521,0
C0043846,2026-02-17,non_payment,collections_writeoff,49849,0
C0003861,2026-02-13,involuntary,terms_violation,31397,0
C0002158,2026-03-13,voluntary,competitor_fiber,74546,1
C0008090,2026-02-16,voluntary,service_quality,21747,1
C0003630,2026-01-19,voluntary,moved_to_competitor_5g,39460,0
C0009993,2026-01-26,voluntary,competitor_fiber,63905,1
C0026487,2026-03-19,non_payment,collections_writeoff,34955,1
C0008835,2026-03-07,non_payment,collections_writeoff,72611,1
C0026207,2026-02-21,voluntary,competitor_fiber,70317,0
C0023158,2026-03-06,non_payment,collections_writeoff,75244,0
C0021516,2026-01-06,voluntary,service_quality,84437,0
C0049309,2026-01-06,involuntary,fraud,99196,0
C0040108,2026-01-05,non_payment,collections_writeoff,29795,0
C0042137,2026-01-18,voluntary,price_too_high,64760,0
C0026931,2026-02-12,non_payment,collections_writeoff,18342,0
C0024618,2026-03-02,voluntary,price_too_high,21797,0
C0002290,2026-03-08,voluntary,competitor_fiber,84147,1
C0001451,2026-02-28,voluntary,moved_to_competitor_5g,33693,1
C0003457,2026-01-20,non_payment,collections_writeoff,39367,1
C0008299,2026-03-19,voluntary,service_quality,50682,1
C0016966,2026-03-07,non_payment,collections_writeoff,70434,0
C0041914,2026-01-18,non_payment,collections_writeoff,38666,0
C0021326,2026-02-11,non_payment,collections_writeoff,34200,1
C0028641,2026-03-20,non_payment,collections_writeoff,36218,0
C0037241,2026-02-10,involuntary,terms_violation,22726,1
C0040180,2026-01-21,non_payment,collections_writeoff,72611,1
C0032797,2026-02-20,voluntary,competitor_fiber,92391,1
C0042428,2026-03-20,voluntary,service_quality,81963,0
C0044144,2026-02-08,voluntary,price_too_high,82345,0
C0031955,2026-03-17,non_payment,collections_writeoff,66911,1
C0039880,2026-02-13,non_payment,collections_writeoff,82925,0
C0027772,2026-03-06,relocation,moved_out_of_footprint,81299,0
C0036129,2026-03-07,non_payment,collections_writeoff,42290,1
C0038079,2026-03-10,voluntary,moved_to_competitor_5g,22726,1
C0042799,2026-03-04,voluntary,price_too_high,57943,1
C0039523,2026-03-14,voluntary,price_too_high,36872,1
C0033299,2026-02-08,non_payment,collections_writeoff,18775,0
C0024914,2026-03-02,voluntary,service_quality,71094,0
C0013944,2026-01-03,voluntary,price_too_high,84338,1
C0003663,2026-02-17,voluntary,service_quality,35401,1
C0000546,2026-02-12,voluntary,competitor_fiber,18775,0
C0032499,2026-03-28,voluntary,service_quality,14493,1
C0047519,2026-01-15,voluntary,competitor_fiber,25352,0
C0025477,2026-02-23,non_payment,collections_writeoff,50550,0
C0048029,2026-03-16,non_payment,collections_writeoff,39661,0
C0028310,2026-02-09,involuntary,terms_violation,14493,1
C0030322,2026-03-30,non_payment,collections_writeoff,67946,1
C0020776,2026-03-22,non_payment,collections_writeoff,33314,0
C0028210,2026-01-04,voluntary,competitor_fiber,99820,1
C0046384,2026-03-18,voluntary,service_quality,90631,1
C0026439,2026-03-02,voluntary,competitor_fiber,10348,1
C0010881,2026-02-03,voluntary,competitor_fiber,99179,0
C0041465,2026-03-25,non_payment,collections_writeoff,71094,0
C0036125,2026-03-16,voluntary,competitor_fiber,70548,0
C0039066,2026-03-15,voluntary,service_quality,66911,1
C0010547,2026-01-30,voluntary,competitor_fiber,99179,0
C0042611,2026-01-07,non_payment,collections_writeoff,21864,1
C0046092,2026-03-16,voluntary,price_too_high,59214,1
C0006658,2026-03-03,voluntary,price_too_high,12914,1
C0015011,2026-01-22,non_payment,collections_writeoff,32768,1
C0044015,2026-03-09,voluntary,competitor_fiber,75244,0
C0029176,2026-03-22,involuntary,fraud,64810,1
C0042516,2026-03-21,non_payment,collections_writeoff,71061,1
C0012356,2026-02-18,non_payment,collections_writeoff,92139,1
C0038771,2026-01-19,non_payment,collections_writeoff,81021,0
C0014532,2026-03-29,voluntary,competitor_fiber,71061,1
C0045681,2026-02-01,relocation,moved_out_of_footprint,44918,0
C0010766,2026-01-05,non_payment,collections_writeoff,38666,0
C0008177,2026-03-15,involuntary,terms_violation,42052,0
C0026070,2026-03-31,non_payment,collections_writeoff,78299,0
C0046466,2026-01-15,non_payment,collections_writeoff,59197,1
C0036783,2026-01-25,non_payment,collections_writeoff,82951,1
C0001540,2026-01-03,voluntary,moved_to_competitor_5g,54807,1
C0044417,2026-02-26,non_payment,collections_writeoff,91235,0
C0006719,2026-02-10,non_payment,collections_writeoff,84147,1
C0012551,2026-02-23,involuntary,terms_violation,77328,0
C0011608,2026-01-20,non_payment,collections_writeoff,48002,0
C0040203,2026-02-22,relocation,moved_out_of_footprint,82954,0
C0014494,2026-03-30,voluntary,competitor_fiber,92139,1
C0048538,2026-01-27,non_payment,collections_writeoff,95590,0
C0033166,2026-02-22,non_payment,collections_writeoff,14892,1
C0008857,2026-03-06,non_payment,collections_writeoff,71413,0
C0016244,2026-03-20,voluntary,service_quality,27636,1
C0047718,2026-03-02,non_payment,collections_writeoff,72611,1
C0016095,2026-01-08,voluntary,competitor_fiber,71228,0
C0007271,2026-01-18,voluntary,competitor_fiber,84185,0
C0040475,2026-03-08,voluntary,service_quality,49965,1
C0032500,2026-01-27,voluntary,service_quality,33823,0
C0003452,2026-03-13,non_payment,collections_writeoff,38047,1
C0006280,2026-02-11,non_payment,collections_writeoff,44939,1
C0010594,2026-03-26,voluntary,service_quality,26899,1
C0046475,2026-03-03,voluntary,service_quality,58060,1
C0047770,2026-03-09,voluntary,moved_to_competitor_5g,43102,1
C0005601,2026-02-18,non_payment,collections_writeoff,23944,1
C0012574,2026-02-10,involuntary,fraud,95846,0
C0006780,2026-01-23,non_payment,collections_writeoff,66911,1
C0034927,2026-02-28,voluntary,service_quality,77328,0
C0000237,2026-03-10,non_payment,collections_writeoff,11967,0
C0016695,2026-02-13,non_payment,collections_writeoff,39661,0
C0048868,2026-03-11,non_payment,collections_writeoff,33823,0
C0045337,2026-02-15,non_payment,collections_writeoff,82345,0
C0042601,2026-03-28,voluntary,competitor_fiber,80363,1
C0019963,2026-03-29,voluntary,competitor_fiber,71568,1
C0017960,2026-03-24,voluntary,price_too_high,81299,0
C0007977,2026-03-30,relocation,moved_out_of_footprint,39460,0
C0041536,2026-02-03,non_payment,collections_writeoff,94492,0
C0003486,2026-03-20,voluntary,service_quality,49965,1
C0047266,2026-03-03,relocation,moved_out_of_footprint,11967,0
C0014526,2026-01-25,voluntary,competitor_fiber,58915,1
C0021033,2026-02-01,non_payment,collections_writeoff,38113,0
C0014355,2026-02-05,non_payment,collections_writeoff,99179,0
C0016016,2026-03-13,voluntary,service_quality,53384,1
C0027865,2026-02-08,non_payment,collections_writeoff,38864,0
C0049299,2026-01-29,voluntary,price_too_high,92374,1
C0002023,2026-02-08,non_payment,collections_writeoff,99577,0
C0034846,2026-02-06,voluntary,moved_to_competitor_5g,38047,1
C0028805,2026-01-27,non_payment,collections_writeoff,31609,0
C0018208,2026-03-30,non_payment,collections_writeoff,31609,0
C0048856,2026-03-04,non_payment,collections_writeoff,44145,0
C0010780,2026-02-10,involuntary,fraud,70317,0
C0039592,2026-03-03,non_payment,collections_writeoff,76290,0
C0005767,2026-02-14,non_payment,collections_writeoff,58915,1
C0004119,2026-03-13,involuntary,fraud,39262,0
C0036776,2026-02-05,non_payment,collections_writeoff,23944,1
C0004930,2026-02-06,voluntary,price_too_high,21747,1
C0040292,2026-01-16,non_payment,collections_writeoff,94681,1
C0021909,2026-03-15,voluntary,service_quality,43481,0
C0016411,2026-03-28,involuntary,fraud,45413,0
C0035304,2026-03-11,voluntary,price_too_high,82565,1
C0020942,2026-02-18,voluntary,service_quality,90631,1
C0003568,2026-02-20,involuntary,terms_violation,48318,0
C0021863,2026-02-14,relocation,moved_out_of_footprint,64810,1
C0005970,2026-01-19,voluntary,competitor_fiber,84338,1
C0006270,2026-02-07,voluntary,service_quality,23944,1
C0047815,2026-01-06,non_payment,collections_writeoff,15642,0
C0004980,2026-02-06,voluntary,moved_to_competitor_5g,67946,1
C0005335,2026-01-11,voluntary,competitor_fiber,96473,1
C0036307,2026-02-14,voluntary,price_too_high,71061,1
C0049281,2026-02-26,non_payment,collections_writeoff,14644,0
C0017180,2026-03-25,voluntary,competitor_fiber,97173,0
C0028302,2026-02-02,involuntary,terms_violation,77328,0
C0019468,2026-03-03,non_payment,collections_writeoff,49849,0
C0006674,2026-01-28,involuntary,fraud,72611,1
C0024234,2026-01-26,voluntary,competitor_fiber,21931,1
C0033783,2026-03-10,voluntary,service_quality,35401,1
C0029623,2026-02-04,voluntary,competitor_fiber,53486,0
C0029715,2026-03-13,voluntary,competitor_fiber,99082,1
C0032366,2026-03-31,voluntary,competitor_fiber,13234,0
C0033146,2026-02-04,non_payment,collections_writeoff,20943,1
C0047198,2026-01-18,non_payment,collections_writeoff,25352,0
C0042659,2026-01-14,involuntary,terms_violation,21437,1
C0023546,2026-03-20,non_payment,collections_writeoff,63905,1
C0030386,2026-03-17,non_payment,collections_writeoff,11967,0
C0008864,2026-01-31,voluntary,competitor_fiber,50859,1
C0015455,2026-02-01,voluntary,competitor_fiber,85422,0
C0015955,2026-01-07,voluntary,service_quality,70755,1
C0037567,2026-03-27,involuntary,deceased,12914,1
C0038325,2026-03-09,non_payment,collections_writeoff,39262,0
C0005111,2026-01-29,non_payment,collections_writeoff,48002,0
C0039644,2026-03-23,non_payment,collections_writeoff,58915,1
C0043413,2026-01-30,non_payment,collections_writeoff,50682,1
C0017258,2026-01-07,non_payment,collections_writeoff,58648,0
C0028496,2026-01-13,non_payment,collections_writeoff,33823,0
C0008746,2026-02-22,non_payment,collections_writeoff,99179,0
C0044467,2026-02-12,non_payment,collections_writeoff,34725,1
C0037108,2026-03-02,voluntary,price_too_high,38047,1
C0045097,2026-01-13,voluntary,competitor_fiber,38022,1
C0029446,2026-03-29,voluntary,service_quality,90631,1
C0020395,2026-01-18,involuntary,fraud,95590,0
C0006345,2026-01-01,non_payment,collections_writeoff,49226,0
C0009661,2026-03-12,voluntary,competitor_fiber,90971,1
C0040450,2026-01-21,non_payment,collections_writeoff,64745,0
C0020230,2026-02-22,involuntary,fraud,55443,0
C0000632,2026-03-25,voluntary,moved_to_competitor_5g,26899,1
C0009477,2026-03-02,voluntary,competitor_fiber,39367,1
C0028577,2026-03-03,non_payment,collections_writeoff,14644,0
C0003918,2026-03-25,non_payment,collections_writeoff,55408,1
C0045198,2026-01-26,non_payment,collections_writeoff,12914,1
C0036665,2026-02-06,relocation,moved_out_of_footprint,99820,1
C0016089,2026-02-11,voluntary,price_too_high,38022,1
C0002959,2026-02-06,non_payment,collections_writeoff,95590,0
C0005588,2026-03-24,voluntary,service_quality,92374,1
C0022384,2026-01-08,relocation,moved_out_of_footprint,90631,1
C0001929,2026-01-12,non_payment,collections_writeoff,17727,1
C0036026,2026-03-25,non_payment,collections_writeoff,41092,0
C0039307,2026-03-15,voluntary,competitor_fiber,31397,0
C0043251,2026-01-30,non_payment,collections_writeoff,49756,0
C0027580,2026-03-10,voluntary,competitor_fiber,96473,1
C0013289,2026-01-05,voluntary,service_quality,36872,1
C0036071,2026-01-23,non_payment,collections_writeoff,46443,0
C0029774,2026-02-23,involuntary,terms_violation,44517,0
C0032502,2026-01-23,voluntary,competitor_fiber,82925,0
C0035327,2026-01-05,voluntary,moved_to_competitor_5g,74546,1
C0022688,2026-02-20,non_payment,collections_writeoff,33562,0
C0045431,2026-03-05,involuntary,terms_violation,11739,0
C0032816,2026-01-24,voluntary,competitor_fiber,68710,1
C0013969,2026-02-07,relocation,moved_out_of_footprint,44535,1
C0015665,2026-01-05,relocation,moved_out_of_footprint,42052,0
C0004723,2026-01-02,non_payment,collections_writeoff,50859,1
C0004751,2026-02-08,non_payment,collections_writeoff,57943,1
C0048502,2026-03-14,involuntary,terms_violation,55443,0
C0042662,2026-03-19,non_payment,collections_writeoff,26270,0
C0034689,2026-01-14,voluntary,competitor_fiber,80363,1
C0000773,2026-02-12,voluntary,moved_to_competitor_5g,37608,1
C0016728,2026-02-06,voluntary,competitor_fiber,80363,1
C0041914,2026-02-28,non_payment,collections_writeoff,38666,0
C0036615,2026-03-24,voluntary,competitor_fiber,39661,0
C0001002,2026-03-11,non_payment,collections_writeoff,54807,1
C0033893,2026-03-09,non_payment,collections_writeoff,18342,0
C0023867,2026-03-05,non_payment,collections_writeoff,53616,0
C0029603,2026-01-18,non_payment,collections_writeoff,20943,1
C0013034,2026-03-06,voluntary,competitor_fiber,94492,0
C0015915,2026-03-01,voluntary,price_too_high,21797,0
C0043247,2026-02-04,non_payment,collections_writeoff,38666,0
C0014339,2026-01-25,non_payment,collections_writeoff,55408,1
C0045381,2026-01-15,non_payment,collections_writeoff,84147,1
C0045307,2026-02-12,voluntary,price_too_high,92391,1
C0016120,2026-01-21,involuntary,fraud,59214,1
C0029047,2026-02-28,voluntary,service_quality,38022,1
C0013722,2026-03-24,non_payment,collections_writeoff,65058,0
C0019037,2026-02-02,non_payment,collections_writeoff,22457,1
C0011362,2026-01-24,voluntary,competitor_fiber,82951,1
C0005794,2026-01-02,voluntary,competitor_fiber,63905,1
C0022177,2026-02-13,relocation,moved_out_of_footprint,71413,0
C0034305,2026-02-07,non_payment,collections_writeoff,23801,0
C0031676,2026-03-14,voluntary,competitor_fiber,23394,0
C0016362,2026-03-28,voluntary,moved_to_competitor_5g,53616,0
C0034972,2026-01-25,non_payment,collections_writeoff,61397,1
C0013361,2026-01-23,non_payment,collections_writeoff,21797,0
C0028425,2026-03-20,voluntary,price_too_high,23394,0
C0011901,2026-03-23,voluntary,competitor_fiber,37754,1
C0015622,2026-02-21,voluntary,service_quality,92139,1
C0039568,2026-02-24,voluntary,moved_to_competitor_5g,90631,1
C0035288,2026-03-07,voluntary,service_quality,64810,1
C0003724,2026-02-11,voluntary,moved_to_competitor_5g,32768,1
C0043813,2026-01-12,voluntary,competitor_fiber,39367,1
C0019280,2026-02-21,relocation,moved_out_of_footprint,95590,0
C0004345,2026-03-27,voluntary,competitor_fiber,21747,1
C0006028,2026-01-13,non_payment,collections_writeoff,70317,0
C0038279,2026-01-24,voluntary,service_quality,54807,1
C0032047,2026-01-18,relocation,moved_out_of_footprint,34955,1
C0000975,2026-03-03,non_payment,collections_writeoff,21747,1
C0043484,2026-02-11,voluntary,price_too_high,80363,1
C0014380,2026-02-01,non_payment,collections_writeoff,25352,0
C0010973,2026-01-01,involuntary,deceased,50682,1
C0042276,2026-02-03,voluntary,competitor_fiber,71094,0
C0042496,2026-02-19,voluntary,price_too_high,34955,1
C0030745,2026-01-31,voluntary,moved_to_competitor_5g,50859,1
C0042624,2026-02-27,non_payment,collections_writeoff,84338,1
C0032427,2026-02-04,voluntary,price_too_high,34200,1
C0047572,2026-02-12,voluntary,service_quality,17727,1
C0042582,2026-02-08,involuntary,fraud,14646,0
C0023909,2026-03-16,voluntary,service_quality,70548,0
C0025034,2026-03-15,non_payment,collections_writeoff,70317,0
C0017917,2026-01-02,voluntary,competitor_fiber,61397,1
C0032792,2026-02-03,non_payment,collections_writeoff,11739,0
C0012923,2026-03-25,voluntary,moved_to_competitor_5g,82951,1
C0012758,2026-02-16,non_payment,collections_writeoff,44918,0
C0016681,2026-03-30,involuntary,terms_violation,31397,0
C0021976,2026-01-31,non_payment,collections_writeoff,70169,0
C0027457,2026-01-08,non_payment,collections_writeoff,71568,1
C0008804,2026-03-27,relocation,moved_out_of_footprint,34200,1
C0020268,2026-01-16,non_payment,collections_writeoff,24665,1
C0017776,2026-03-01,voluntary,competitor_fiber,98436,1
C0026748,2026-02-09,voluntary,competitor_fiber,24665,1
C0025664,2026-01-21,non_payment,collections_writeoff,10348,1
C0032239,2026-02-21,non_payment,collections_writeoff,36218,0
C0040894,2026-03-29,non_payment,collections_writeoff,92391,1
C0038311,2026-03-06,voluntary,service_quality,49965,1
C0040770,2026-02-09,voluntary,service_quality,90971,1
C0042063,2026-03-30,voluntary,price_too_high,11967,0
C0043807,2026-01-16,non_payment,collections_writeoff,74546,1
C0000491,2026-03-23,voluntary,price_too_high,70755,1
C0016980,2026-02-07,non_payment,collections_writeoff,26899,1
C0040088,2026-02-17,non_payment,collections_writeoff,65058,0
C0008462,2026-03-20,non_payment,collections_writeoff,70434,0
C0010269,2026-01-29,non_payment,collections_writeoff,64745,0
C0033518,2026-01-29,voluntary,service_quality,74521,0
C0018116,2026-01-18,voluntary,competitor_fiber,21437,1
C0005845,2026-03-03,voluntary,moved_to_competitor_5g,85846,1
C0040781,2026-01-20,non_payment,collections_writeoff,50859,1
C0038244,2026-02-28,non_payment,collections_writeoff,99820,1
C0027061,2026-03-19,voluntary,price_too_high,72611,1
C0033557,2026-02-17,non_payment,collections_writeoff,66347,0
C0024209,2026-02-23,non_payment,collections_writeoff,57943,1
C0017988,2026-03-31,voluntary,price_too_high,79069,0
C0021025,2026-03-12,voluntary,service_quality,74546,1
C0009036,2026-03-02,involuntary,deceased,68710,1
C0048485,2026-03-10,voluntary,service_quality,71568,1
C0037676,2026-03-27,non_payment,collections_writeoff,84338,1
C0017114,2026-01-28,involuntary,deceased,84147,1
C0000560,2026-02-01,involuntary,fraud,38022,1
C0038872,2026-03-29,non_payment,collections_writeoff,34200,1
C0041174,2026-03-18,non_payment,collections_writeoff,54807,1
C0003686,2026-01-11,non_payment,collections_writeoff,29795,0
C0035200,2026-03-09,non_payment,collections_writeoff,99196,0
C0049664,2026-02-27,voluntary,moved_to_competitor_5g,58915,1
C0046005,2026-03-09,non_payment,collections_writeoff,84338,1
C0013350,2026-02-16,non_payment,collections_writeoff,39367,1
C0009784,2026-01-10,voluntary,competitor_fiber,74546,1
C0031966,2026-03-14,non_payment,collections_writeoff,22457,1
C0007859,2026-01-15,non_payment,collections_writeoff,35401,1
C0031848,2026-01-08,non_payment,collections_writeoff,67946,1
C0047405,2026-03-12,involuntary,deceased,41592,0
C0049096,2026-03-06,involuntary,fraud,81021,0
C0002207,2026-01-26,non_payment,collections_writeoff,48002,0
C0045165,2026-03-15,voluntary,service_quality,21747,1
C0030239,2026-03-10,voluntary,moved_to_competitor_5g,25352,0
C0036039,2026-01-20,voluntary,service_quality,89248,0
C0045635,2026-01-22,voluntary,price_too_high,71228,0
C0027404,2026-02-11,non_payment,collections_writeoff,17727,1
C0027325,2026-03-08,non_payment,collections_writeoff,18775,0
C0043078,2026-02-26,voluntary,moved_to_competitor_5g,39460,0
C0011475,2026-01-15,voluntary,price_too_high,84147,1
C0015366,2026-03-29,non_payment,collections_writeoff,90971,1
C0016485,2026-01-27,non_payment,collections_writeoff,14892,1
C0036981,2026-03-16,non_payment,collections_writeoff,90631,1
C0029192,2026-03-04,voluntary,competitor_fiber,82565,1
C0001493,2026-01-12,voluntary,competitor_fiber,39367,1
C0000405,2026-03-07,non_payment,collections_writeoff,99820,1
C0043968,2026-02-27,voluntary,price_too_high,92391,1
C0005754,2026-01-08,voluntary,competitor_fiber,50682,1
C0001524,2026-02-28,relocation,moved_out_of_footprint,55443,0
C0011492,2026-01-17,voluntary,price_too_high,68710,1
C0008070,2026-03-07,voluntary,competitor_fiber,77328,0
C0031556,2026-02-23,non_payment,collections_writeoff,23394,0
C0039836,2026-02-28,voluntary,service_quality,11957,0
C0031314,2026-03-14,voluntary,competitor_fiber,70968,1
C0012351,2026-01-08,non_payment,collections_writeoff,34955,1
C0031780,2026-03-13,voluntary,competitor_fiber,43102,1
C0042926,2026-03-01,non_payment,collections_writeoff,26899,1
C0031116,2026-03-28,involuntary,fraud,34200,1
C0035973,2026-02-09,voluntary,price_too_high,55408,1
C0005152,2026-01-03,non_payment,collections_writeoff,90631,1
C0041878,2026-02-20,involuntary,deceased,42052,0
C0032340,2026-02-02,non_payment,collections_writeoff,21797,0
C0006111,2026-01-01,involuntary,fraud,63651,0
C0005505,2026-01-28,non_payment,collections_writeoff,57668,1
C0042346,2026-03-16,non_payment,collections_writeoff,20239,0
C0049093,2026-01-10,voluntary,service_quality,39367,1
C0032022,2026-01-06,involuntary,terms_violation,99820,1
C0024912,2026-02-24,non_payment,collections_writeoff,11967,0
C0024480,2026-02-14,non_payment,collections_writeoff,13234,0
C0040134,2026-03-31,non_payment,collections_writeoff,25352,0
C0049547,2026-01-09,non_payment,collections_writeoff,63402,0
C0025290,2026-03-11,involuntary,fraud,69374,0
C0030646,2026-01-08,non_payment,collections_writeoff,98559,1
C0032204,2026-01-09,voluntary,service_quality,84437,0
C0041244,2026-03-02,non_payment,collections_writeoff,64745,0
C0004587,2026-01-05,involuntary,terms_violation,23394,0
C0044410,2026-02-06,non_payment,collections_writeoff,38113,0
C0003766,2026-02-22,involuntary,terms_violation,82565,1
C0040166,2026-01-24,voluntary,competitor_fiber,90971,1
C0012901,2026-01-18,non_payment,collections_writeoff,82345,0
C0021416,2026-03-24,involuntary,terms_violation,71094,0
C0027346,2026-03-24,non_payment,collections_writeoff,72611,1
C0025632,2026-02-23,involuntary,deceased,96952,0
C0020441,2026-02-17,voluntary,competitor_fiber,84147,1
C0042763,2026-02-18,voluntary,price_too_high,99820,1
C0016951,2026-02-27,voluntary,competitor_fiber,49965,1
C0031058,2026-02-18,voluntary,moved_to_competitor_5g,82954,0
C0009512,2026-02-18,non_payment,collections_writeoff,90631,1
C0003338,2026-01-11,non_payment,collections_writeoff,79069,0
C0020051,2026-03-29,non_payment,collections_writeoff,92391,1
C0041937,2026-03-26,non_payment,collections_writeoff,41592,0
C0035481,2026-03-11,non_payment,collections_writeoff,84147,1
C0003932,2026-01-18,non_payment,collections_writeoff,15642,0
C0023252,2026-03-25,non_payment,collections_writeoff,16607,0
C0003091,2026-02-14,non_payment,collections_writeoff,82481,0
C0025034,2026-01-16,non_payment,collections_writeoff,70317,0
C0018052,2026-01-23,voluntary,competitor_fiber,94492,0
C0031225,2026-03-10,non_payment,collections_writeoff,26899,1
C0029628,2026-02-20,voluntary,price_too_high,36136,0
C0039640,2026-03-09,voluntary,service_quality,90971,1
C0046425,2026-01-17,voluntary,competitor_fiber,20943,1
C0006127,2026-01-29,non_payment,collections_writeoff,33823,0
C0007473,2026-01-01,voluntary,price_too_high,63905,1
C0009361,2026-01-03,non_payment,collections_writeoff,26270,0
C0038189,2026-02-08,non_payment,collections_writeoff,23394,0
C0022727,2026-03-01,involuntary,deceased,24944,0
C0019494,2026-03-28,voluntary,price_too_high,21437,1
C0031652,2026-03-11,non_payment,collections_writeoff,19147,0
C0011478,2026-02-24,voluntary,competitor_fiber,46443,0
C0004544,2026-03-10,non_payment,collections_writeoff,37754,1
C0016328,2026-02-18,involuntary,fraud,99179,0
C0011769,2026-01-30,relocation,moved_out_of_footprint,14646,0
C0030005,2026-02-01,voluntary,service_quality,89248,0
C0013290,2026-02-28,voluntary,price_too_high,33693,1
C0003280,2026-02-14,non_payment,collections_writeoff,34725,1
C0019589,2026-01-20,non_payment,collections_writeoff,39367,1
C0032059,2026-02-05,non_payment,collections_writeoff,85846,1
C0020216,2026-01-25,non_payment,collections_writeoff,71094,0
C0014643,2026-01-15,non_payment,collections_writeoff,34725,1
C0037913,2026-01-05,non_payment,collections_writeoff,15642,0
C0043975,2026-03-26,voluntary,competitor_fiber,59214,1
C0019130,2026-02-23,involuntary,deceased,49965,1
C0017829,2026-03-20,voluntary,competitor_fiber,44939,1
C0032342,2026-01-03,relocation,moved_out_of_footprint,22457,1
C0007945,2026-01-31,voluntary,price_too_high,59197,1
C0024166,2026-01-27,relocation,moved_out_of_footprint,44535,1
C0018593,2026-01-09,voluntary,service_quality,36872,1
C0026877,2026-01-13,voluntary,competitor_fiber,29795,0
C0000080,2026-03-18,non_payment,collections_writeoff,44918,0
C0007085,2026-01-05,voluntary,service_quality,92374,1
C0005997,2026-02-27,voluntary,price_too_high,14493,1
C0041869,2026-03-18,involuntary,deceased,92139,1
C0024980,2026-03-28,voluntary,service_quality,23394,0
C0021940,2026-01-07,non_payment,collections_writeoff,64760,0
C0025997,2026-02-01,voluntary,competitor_fiber,58060,1
C0002476,2026-01-06,involuntary,fraud,71094,0
C0045906,2026-02-21,non_payment,collections_writeoff,38666,0
C0036459,2026-02-26,voluntary,competitor_fiber,46443,0
C0047090,2026-01-30,voluntary,price_too_high,49965,1
C0031770,2026-03-11,involuntary,terms_violation,70317,0
C0030408,2026-01-28,non_payment,collections_writeoff,74546,1
C0018703,2026-01-08,non_payment,collections_writeoff,28094,1
C0025857,2026-01-18,voluntary,price_too_high,64874,0
C0032303,2026-03-06,non_payment,collections_writeoff,17727,1
C0016716,2026-02-07,non_payment,collections_writeoff,38113,0
C0022659,2026-01-30,voluntary,service_quality,31397,0
C0010576,2026-03-15,relocation,moved_out_of_footprint,44918,0
C0037671,2026-02-10,voluntary,price_too_high,99196,0
C0003568,2026-03-15,non_payment,collections_writeoff,48318,0
C0006588,2026-03-18,relocation,moved_out_of_footprint,44145,0
C0030630,2026-03-28,non_payment,collections_writeoff,89248,0
C0003298,2026-02-11,voluntary,price_too_high,35401,1
C0048592,2026-01-31,relocation,moved_out_of_footprint,47558,0
C0029266,2026-02-08,voluntary,price_too_high,92139,1
C0022098,2026-01-19,non_payment,collections_writeoff,84185,0
C0044351,2026-03-26,non_payment,collections_writeoff,97554,0
C0036461,2026-03-08,voluntary,service_quality,70434,0
C0014487,2026-01-29,voluntary,competitor_fiber,26899,1
C0044240,2026-02-22,relocation,moved_out_of_footprint,84185,0
C0047665,2026-02-08,non_payment,collections_writeoff,95590,0
C0017081,2026-02-05,non_payment,collections_writeoff,78299,0
C0047060,2026-01-08,non_payment,collections_writeoff,26270,0
C0034268,2026-03-13,voluntary,service_quality,64760,0
C0006737,2026-03-17,voluntary,service_quality,45413,0
C0004675,2026-01-23,voluntary,service_quality,38022,1
C0003964,2026-03-22,voluntary,price_too_high,84147,1
C0016365,2026-03-28,voluntary,price_too_high,21797,0
C0007352,2026-02-24,non_payment,collections_writeoff,11957,0
C0015633,2026-03-13,involuntary,deceased,23394,0
C0041485,2026-03-05,non_payment,collections_writeoff,11739,0
C0008307,2026-01-07,voluntary,price_too_high,14200,0
C0030498,2026-02-14,non_payment,collections_writeoff,29795,0
C0025958,2026-03-24,non_payment,collections_writeoff,84338,1
C0001373,2026-03-27,non_payment,collections_writeoff,58060,1
C0042433,2026-02-18,non_payment,collections_writeoff,36218,0
C0007910,2026-03-09,voluntary,competitor_fiber,32768,1
C0043524,2026-02-10,involuntary,terms_violation,72611,1
C0028277,2026-03-31,non_payment,collections_writeoff,59197,1
C0041947,2026-02-23,voluntary,service_quality,74546,1
C0025389,2026-02-22,voluntary,competitor_fiber,70968,1
C0022987,2026-01-20,voluntary,moved_to_competitor_5g,53384,1
C0002231,2026-02-08,non_payment,collections_writeoff,82563,0
C0041384,2026-02-18,non_payment,collections_writeoff,39661,0
C0035502,2026-01-24,relocation,moved_out_of_footprint,15712,0
C0049323,2026-03-10,voluntary,competitor_fiber,12914,1
C0006511,2026-03-02,voluntary,price_too_high,74521,0
C0043278,2026-01-31,non_payment,collections_writeoff,20366,1
C0000631,2026-01-29,non_payment,collections_writeoff,48318,0
C0006267,2026-02-08,non_payment,collections_writeoff,48002,0
C0011379,2026-01-19,relocation,moved_out_of_footprint,59197,1
C0003444,2026-03-01,non_payment,collections_writeoff,92391,1
C0026355,2026-01-08,involuntary,fraud,50623,0
C0022067,2026-03-13,non_payment,collections_writeoff,70968,1
C0000786,2026-02-22,relocation,moved_out_of_footprint,49849,0
C0036926,2026-02-23,non_payment,collections_writeoff,35401,1
C0030045,2026-03-13,non_payment,collections_writeoff,71934,0
C0022875,2026-03-09,voluntary,competitor_fiber,98436,1
C0003649,2026-01-18,non_payment,collections_writeoff,37754,1
C0031500,2026-02-19,voluntary,competitor_fiber,59214,1
C0032741,2026-02-01,voluntary,competitor_fiber,24665,1
C0043869,2026-02-02,voluntary,moved_to_competitor_5g,71568,1
C0038646,2026-01-27,non_payment,collections_writeoff,49756,0
C0019955,2026-02-12,voluntary,competitor_fiber,27636,1
C0045634,2026-03-24,voluntary,competitor_fiber,69374,0
C0025466,2026-01-11,relocation,moved_out_of_footprint,58060,1
C0045464,2026-02-27,voluntary,service_quality,38666,0
C0036989,2026-02-17,non_payment,collections_writeoff,81963,0
C0046458,2026-01-12,non_payment,collections_writeoff,84155,0
C0011491,2026-03-10,involuntary,fraud,11957,0
C0037848,2026-01-25,non_payment,collections_writeoff,31397,0
C0004425,2026-01-07,voluntary,price_too_high,47558,0
C0037598,2026-02-04,non_payment,collections_writeoff,21864,1
C0013505,2026-02-18,voluntary,service_quality,80959,0
C0019071,2026-03-28,voluntary,price_too_high,61397,1
C0000872,2026-03-19,voluntary,price_too_high,99820,1
C0013516,2026-03-19,non_payment,collections_writeoff,96434,0
C0001391,2026-01-06,involuntary,deceased,22457,1
C0027946,2026-01-10,non_payment,collections_writeoff,14200,0
C0015887,2026-01-25,voluntary,price_too_high,14644,0
C0049627,2026-03-17,relocation,moved_out_of_footprint,48002,0
C0012563,2026-03-27,voluntary,competitor_fiber,58060,1
C0005354,2026-03-13,non_payment,collections_writeoff,80959,0
C0042592,2026-01-28,voluntary,competitor_fiber,64874,0
C0025340,2026-03-03,non_payment,collections_writeoff,57943,1
C0001649,2026-01-27,voluntary,service_quality,25352,0
C0013410,2026-02-12,non_payment,collections_writeoff,38666,0
C0048694,2026-02-08,voluntary,price_too_high,71568,1
C0003448,2026-01-02,non_payment,collections_writeoff,80959,0
C0022845,2026-01-28,voluntary,competitor_fiber,37754,1
C0024206,2026-01-25,non_payment,collections_writeoff,28094,1
C0034136,2026-01-16,voluntary,moved_to_competitor_5g,99196,0
C0023698,2026-03-03,voluntary,price_too_high,70968,1
C0027233,2026-02-01,voluntary,competitor_fiber,96473,1
C0007160,2026-03-31,voluntary,competitor_fiber,58060,1
C0043582,2026-03-19,voluntary,moved_to_competitor_5g,50550,0
C0045632,2026-01-27,voluntary,moved_to_competitor_5g,82345,0
C0025002,2026-02-20,voluntary,competitor_fiber,53616,0
C0000469,2026-01-31,voluntary,competitor_fiber,49965,1
C0000547,2026-03-12,voluntary,price_too_high,45413,0
C0001337,2026-02-11,voluntary,competitor_fiber,74521,0
C0003415,2026-02-06,relocation,moved_out_of_footprint,85422,0
C0001078,2026-02-18,non_payment,collections_writeoff,38047,1
C0012351,2026-03-01,non_payment,collections_writeoff,34955,1
C0008229,2026-03-10,relocation,moved_out_of_footprint,95846,0
C0006014,2026-03-25,involuntary,deceased,40418,0
C0011383,2026-02-15,involuntary,fraud,68710,1
C0029867,2026-02-09,non_payment,collections_writeoff,76339,0
C0020286,2026-02-03,non_payment,collections_writeoff,17727,1
C0015487,2026-02-16,voluntary,competitor_fiber,96952,0
C0032599,2026-03-07,non_payment,collections_writeoff,92391,1
C0032793,2026-03-05,voluntary,competitor_fiber,63905,1
C0042125,2026-03-01,non_payment,collections_writeoff,47558,0
C0047961,2026-01-13,voluntary,price_too_high,36136,0
C0005113,2026-03-02,non_payment,collections_writeoff,84437,0
C0034652,2026-02-10,non_payment,collections_writeoff,54744,0
C0011563,2026-01-27,relocation,moved_out_of_footprint,41092,0
C0048899,2026-02-17,non_payment,collections_writeoff,37754,1
C0013467,2026-02-10,non_payment,collections_writeoff,80363,1
C0004583,2026-02-22,voluntary,service_quality,77328,0
C0022397,2026-01-06,non_payment,collections_writeoff,99196,0
C0007952,2026-03-14,non_payment,collections_writeoff,84437,0
C0044854,2026-01-29,voluntary,service_quality,95846,0
C0005244,2026-01-19,involuntary,deceased,23801,0
C0016101,2026-01-03,non_payment,collections_writeoff,16607,0
C0035512,2026-02-03,voluntary,competitor_fiber,44535,1
C0049621,2026-03-12,voluntary,moved_to_competitor_5g,55408,1
C0017648,2026-03-16,non_payment,collections_writeoff,39367,1
C0031589,2026-03-16,voluntary,competitor_fiber,15642,0
C0001170,2026-02-23,non_payment,collections_writeoff,45413,0
C0006842,2026-02-07,voluntary,price_too_high,63905,1
C0022564,2026-01-20,non_payment,collections_writeoff,82565,1
C0044176,2026-01-26,non_payment,collections_writeoff,76339,0
C0014438,2026-02-12,voluntary,price_too_high,58060,1
C0043362,2026-01-30,voluntary,service_quality,50623,0
C0022912,2026-02-18,voluntary,competitor_fiber,39460,0
C0016676,2026-03-14,non_payment,collections_writeoff,46443,0
C0031674,2026-02-01,non_payment,collections_writeoff,72904,0
C0011307,2026-03-05,voluntary,competitor_fiber,80363,1
C0015619,2026-03-12,voluntary,competitor_fiber,14892,1
C0012162,2026-03-25,non_payment,collections_writeoff,76339,0
C0001557,2026-03-29,non_payment,collections_writeoff,42052,0
C0039164,2026-02-13,non_payment,collections_writeoff,84147,1
C0033262,2026-02-02,voluntary,service_quality,71568,1
C0048641,2026-03-04,voluntary,price_too_high,74521,0
C0042140,2026-03-24,voluntary,competitor_fiber,26899,1
C0027469,2026-03-04,non_payment,collections_writeoff,97173,0
C0045172,2026-02-28,non_payment,collections_writeoff,70548,0
C0030017,2026-01-22,voluntary,service_quality,82345,0
C0035499,2026-02-15,non_payment,collections_writeoff,54744,0
C0008179,2026-01-22,non_payment,collections_writeoff,97173,0
C0017698,2026-01-18,non_payment,collections_writeoff,71934,0
C0012202,2026-03-11,voluntary,moved_to_competitor_5g,31609,0
C0025870,2026-03-04,non_payment,collections_writeoff,72611,1
C0022845,2026-01-24,voluntary,price_too_high,37754,1
C0007355,2026-03-11,non_payment,collections_writeoff,71094,0
C0024130,2026-03-24,voluntary,competitor_fiber,97173,0
C0045643,2026-01-08,involuntary,deceased,70755,1
C0025204,2026-03-09,voluntary,service_quality,64810,1
C0015883,2026-01-05,voluntary,competitor_fiber,55408,1
C0017537,2026-01-10,non_payment,collections_writeoff,48318,0
C0012484,2026-03-27,voluntary,price_too_high,22726,1
C0045710,2026-01-07,voluntary,competitor_fiber,99034,1
C0049269,2026-01-01,voluntary,price_too_high,23944,1
C0016666,2026-02-22,voluntary,competitor_fiber,31609,0
C0044616,2026-01-18,voluntary,price_too_high,82345,0
C0039542,2026-03-22,non_payment,collections_writeoff,20239,0
C0000809,2026-01-30,relocation,moved_out_of_footprint,34955,1
C0011359,2026-01-09,non_payment,collections_writeoff,45413,0
C0034413,2026-01-20,non_payment,collections_writeoff,69363,1
C0026062,2026-01-02,voluntary,service_quality,23944,1
C0036954,2026-01-28,non_payment,collections_writeoff,66911,1
C0015545,2026-03-06,voluntary,moved_to_competitor_5g,82951,1
C0018307,2026-02-28,non_payment,collections_writeoff,81299,0
C0030916,2026-02-17,non_payment,collections_writeoff,85846,1
C0024841,2026-01-08,voluntary,competitor_fiber,36872,1
C0023353,2026-03-21,non_payment,collections_writeoff,81021,0
C0025087,2026-03-23,voluntary,moved_to_competitor_5g,84185,0
C0049314,2026-03-27,voluntary,competitor_fiber,14644,0
C0005825,2026-03-20,voluntary,price_too_high,74546,1
C0047263,2026-03-03,voluntary,price_too_high,57943,1
C0011772,2026-03-26,voluntary,competitor_fiber,57668,1
C0030359,2026-03-04,non_payment,collections_writeoff,98436,1
C0026082,2026-01-03,voluntary,competitor_fiber,70968,1
C0037977,2026-01-01,non_payment,collections_writeoff,82954,0
C0045200,2026-03-10,voluntary,service_quality,49849,0
C0032226,2026-03-12,involuntary,fraud,92374,1
C0033311,2026-02-22,voluntary,competitor_fiber,70317,0
C0045634,2026-01-02,involuntary,terms_violation,69374,0
C0003236,2026-01-03,non_payment,collections_writeoff,47558,0
C0034404,2026-03-09,involuntary,fraud,82954,0
C0022699,2026-02-05,non_payment,collections_writeoff,38666,0
C0018983,2026-03-10,non_payment,collections_writeoff,41592,0
C0044263,2026-02-06,non_payment,collections_writeoff,44535,1
C0046717,2026-01-03,voluntary,service_quality,99196,0
C0045963,2026-03-06,non_payment,collections_writeoff,55443,0
C0014984,2026-03-31,voluntary,competitor_fiber,21864,1
C0046273,2026-03-28,voluntary,competitor_fiber,42290,1
C0004820,2026-02-25,voluntary,service_quality,26899,1
C0012576,2026-01-23,voluntary,service_quality,82951,1
C0043921,2026-01-14,voluntary,competitor_fiber,11967,0
C0049248,2026-01-13,non_payment,collections_writeoff,38113,0
C0012133,2026-03-09,non_payment,collections_writeoff,21797,0
C0024117,2026-01-20,voluntary,competitor_fiber,80363,1
C0046742,2026-01-31,voluntary,competitor_fiber,35401,1
C0008990,2026-01-25,voluntary,price_too_high,96952,0
C0049316,2026-03-21,non_payment,collections_writeoff,70169,0
C0038381,2026-03-09,relocation,moved_out_of_footprint,92374,1
C0042017,2026-02-02,voluntary,competitor_fiber,49965,1
C0020127,2026-02-15,non_payment,collections_writeoff,59214,1
C0048500,2026-02-04,non_payment,collections_writeoff,50623,0
C0010663,2026-02-20,voluntary,service_quality,27636,1
C0002744,2026-01-11,voluntary,competitor_fiber,70755,1
C0049875,2026-02-17,voluntary,competitor_fiber,64745,0
C0037930,2026-02-21,non_payment,collections_writeoff,75244,0
C0013083,2026-02-28,non_payment,collections_writeoff,53486,0
C0049897,2026-03-14,voluntary,service_quality,76290,0
C0017422,2026-02-01,involuntary,terms_violation,11739,0
C0025813,2026-03-31,non_payment,collections_writeoff,76339,0
C0046480,2026-01-29,non_payment,collections_writeoff,65058,0
C0022057,2026-02-08,voluntary,competitor_fiber,70317,0
C0017316,2026-03-29,voluntary,price_too_high,99196,0
C0023673,2026-01-11,voluntary,competitor_fiber,38047,1
C0043587,2026-03-25,involuntary,terms_violation,38666,0
C0035752,2026-03-25,non_payment,collections_writeoff,49226,0
C0010304,2026-01-05,voluntary,competitor_fiber,63651,0
C0009067,2026-01-12,non_payment,collections_writeoff,70434,0
C0013487,2026-02-21,non_payment,collections_writeoff,82925,0
C0033020,2026-02-18,voluntary,competitor_fiber,77889,1
C0009101,2026-02-18,voluntary,moved_to_competitor_5g,48318,0
C0020358,2026-03-12,voluntary,service_quality,72611,1
C0020391,2026-03-02,voluntary,price_too_high,98436,1
C0024146,2026-01-08,involuntary,terms_violation,71094,0
C0031143,2026-03-23,voluntary,service_quality,33562,0
C0033746,2026-01-02,involuntary,deceased,59214,1
C0024331,2026-03-31,non_payment,collections_writeoff,46830,0
C0047889,2026-01-22,non_payment,collections_writeoff,64745,0
C0039374,2026-01-11,non_payment,collections_writeoff,77889,1
C0000481,2026-03-05,non_payment,collections_writeoff,48002,0
C0044823,2026-02-25,voluntary,price_too_high,77328,0
C0048223,2026-03-24,voluntary,moved_to_competitor_5g,23944,1
C0021334,2026-02-12,involuntary,terms_violation,54807,1
C0039695,2026-03-14,voluntary,price_too_high,54807,1
C0021388,2026-01-13,non_payment,collections_writeoff,21437,1
C0022829,2026-03-09,voluntary,service_quality,82563,0
C0028044,2026-01-06,relocation,moved_out_of_footprint,82565,1
C0031204,2026-01-30,voluntary,moved_to_competitor_5g,33823,0
C0028202,2026-01-28,non_payment,collections_writeoff,17727,1
C0010233,2026-03-30,non_payment,collections_writeoff,92374,1
C0005143,2026-03-14,non_payment,collections_writeoff,84147,1
C0041589,2026-03-02,non_payment,collections_writeoff,81299,0
C0017683,2026-02-04,voluntary,moved_to_competitor_5g,49849,0
C0038153,2026-01-06,non_payment,collections_writeoff,63651,0
C0046968,2026-01-10,voluntary,competitor_fiber,40418,0
C0007143,2026-03-29,voluntary,moved_to_competitor_5g,98436,1
C0045404,2026-02-05,non_payment,collections_writeoff,36872,1
C0030593,2026-03-11,voluntary,service_quality,77328,0
C0032072,2026-03-14,voluntary,price_too_high,99082,1
C0044201,2026-03-26,voluntary,competitor_fiber,92139,1
C0037998,2026-01-05,non_payment,collections_writeoff,84147,1
C0045615,2026-01-23,voluntary,price_too_high,98436,1
C0005862,2026-02-10,voluntary,competitor_fiber,70169,0
C0006913,2026-01-03,relocation,moved_out_of_footprint,78102,0
C0010502,2026-01-27,voluntary,service_quality,53486,0
C0031512,2026-03-17,voluntary,price_too_high,20366,1
C0021215,2026-01-19,voluntary,competitor_fiber,63905,1
C0043643,2026-02-20,involuntary,deceased,10348,1
C0008068,2026-01-10,voluntary,competitor_fiber,94492,0
C0017003,2026-02-08,non_payment,collections_writeoff,17727,1
C0035032,2026-01-21,involuntary,deceased,34200,1
C0041521,2026-03-14,involuntary,deceased,38113,0
C0027355,2026-01-31,voluntary,competitor_fiber,99034,1
C0001478,2026-03-14,non_payment,collections_writeoff,58915,1
C0030299,2026-02-19,non_payment,collections_writeoff,96952,0
C0042205,2026-03-28,voluntary,competitor_fiber,95846,0
C0045100,2026-03-11,voluntary,moved_to_competitor_5g,78299,0
C0032198,2026-02-12,non_payment,collections_writeoff,38666,0
C0019160,2026-02-19,voluntary,service_quality,27636,1
C0031808,2026-01-18,voluntary,price_too_high,44918,0
C0007393,2026-03-30,voluntary,service_quality,36872,1
C0006177,2026-01-11,non_payment,collections_writeoff,77889,1
C0032799,2026-03-06,voluntary,competitor_fiber,31609,0
C0007610,2026-02-14,voluntary,service_quality,23944,1
C0043838,2026-01-07,non_payment,collections_writeoff,10348,1
C0013378,2026-01-13,non_payment,collections_writeoff,36970,0
C0010493,2026-02-25,non_payment,collections_writeoff,96434,0
C0037809,2026-01-30,voluntary,price_too_high,82565,1
C0048059,2026-01-10,voluntary,service_quality,42290,1
C0027768,2026-02-13,voluntary,service_quality,18775,0
C0044473,2026-03-19,voluntary,service_quality,63905,1
C0008278,2026-03-20,voluntary,moved_to_competitor_5g,20366,1
C0025307,2026-03-18,non_payment,collections_writeoff,44145,0
C0014289,2026-02-20,non_payment,collections_writeoff,63651,0
C0000707,2026-02-11,voluntary,moved_to_competitor_5g,74546,1
C0011926,2026-01-04,voluntary,moved_to_competitor_5g,70968,1
C0004126,2026-03-23,non_payment,collections_writeoff,42290,1
C0014347,2026-02-04,involuntary,deceased,76339,0
C0048959,2026-02-27,voluntary,moved_to_competitor_5g,22726,1
C0049469,2026-03-04,non_payment,collections_writeoff,21551,0
C0001018,2026-01-30,voluntary,service_quality,30476,1
C0046070,2026-02-15,relocation,moved_out_of_footprint,44939,1
C0028320,2026-03-12,voluntary,service_quality,36970,0
C0012787,2026-02-18,non_payment,collections_writeoff,55883,0
C0032924,2026-02-25,involuntary,deceased,99082,1
C0046786,2026-01-24,voluntary,service_quality,22457,1
C0032442,2026-03-29,voluntary,competitor_fiber,71228,0
C0048877,2026-03-16,voluntary,price_too_high,33823,0
C0021935,2026-03-26,non_payment,collections_writeoff,92374,1
C0009689,2026-02-18,non_payment,collections_writeoff,42052,0
C0019888,2026-01-11,non_payment,collections_writeoff,48002,0
C0028407,2026-03-21,non_payment,collections_writeoff,34200,1
C0016222,2026-02-07,non_payment,collections_writeoff,58915,1
C0014702,2026-02-01,voluntary,price_too_high,98559,1
C0045251,2026-01-10,non_payment,collections_writeoff,38864,0
C0020482,2026-01-11,non_payment,collections_writeoff,55883,0
C0019602,2026-02-04,involuntary,fraud,53486,0
C0010433,2026-01-20,voluntary,price_too_high,24665,1
C0020089,2026-02-18,non_payment,collections_writeoff,38666,0
C0005656,2026-03-23,non_payment,collections_writeoff,65704,0
C0027235,2026-01-20,non_payment,collections_writeoff,80959,0
C0047669,2026-02-19,voluntary,price_too_high,14200,0
C0034492,2026-02-10,non_payment,collections_writeoff,53486,0
C0022827,2026-02-16,involuntary,terms_violation,31397,0
C0008345,2026-01-14,non_payment,collections_writeoff,62104,0
C0020468,2026-01-12,voluntary,service_quality,84155,0
C0016055,2026-01-01,voluntary,moved_to_competitor_5g,54807,1
C0045948,2026-02-09,involuntary,terms_violation,65704,0
C0010844,2026-02-26,voluntary,service_quality,59197,1
C0026701,2026-02-16,voluntary,service_quality,50682,1
C0024978,2026-02-04,voluntary,price_too_high,90631,1
C0029985,2026-01-14,involuntary,fraud,38864,0
C0028670,2026-01-17,non_payment,collections_writeoff,18775,0
C0044491,2026-01-12,non_payment,collections_writeoff,15712,0
C0038027,2026-01-24,voluntary,service_quality,36872,1
C0047192,2026-02-25,non_payment,collections_writeoff,75244,0
C0016104,2026-02-27,voluntary,competitor_fiber,22457,1
C0041451,2026-03-13,non_payment,collections_writeoff,66347,0
C0023739,2026-03-13,relocation,moved_out_of_footprint,31609,0
C0012166,2026-03-07,voluntary,moved_to_competitor_5g,33693,1
C0019839,2026-02-22,non_payment,collections_writeoff,17727,1
C0013810,2026-01-14,voluntary,competitor_fiber,23944,1
C0046206,2026-01-04,non_payment,collections_writeoff,43102,1
C0040526,2026-01-12,voluntary,moved_to_competitor_5g,14644,0
C0022403,2026-02-15,non_payment,collections_writeoff,63905,1
C0042189,2026-03-12,voluntary,price_too_high,70755,1
C0012244,2026-01-12,voluntary,service_quality,58915,1
C0002667,2026-03-18,voluntary,competitor_fiber,50682,1
C0016527,2026-03-18,non_payment,collections_writeoff,57668,1
C0033743,2026-02-11,non_payment,collections_writeoff,57668,1
C0025995,2026-02-19,involuntary,fraud,46443,0
C0002146,2026-01-02,non_payment,collections_writeoff,33693,1
C0024092,2026-02-07,non_payment,collections_writeoff,96952,0
C0042782,2026-02-22,voluntary,price_too_high,14644,0
C0043958,2026-02-19,voluntary,service_quality,77328,0
C0043157,2026-01-11,relocation,moved_out_of_footprint,71061,1
C0043362,2026-03-13,voluntary,competitor_fiber,50623,0
C0018037,2026-02-01,voluntary,service_quality,38864,0
C0000898,2026-03-15,voluntary,service_quality,92391,1
C0031176,2026-03-08,non_payment,collections_writeoff,20943,1
C0047714,2026-01-22,non_payment,collections_writeoff,63905,1
C0033694,2026-03-29,voluntary,competitor_fiber,34200,1
C0014742,2026-02-18,voluntary,moved_to_competitor_5g,16607,0
C0037261,2026-01-22,voluntary,competitor_fiber,64874,0
C0037528,2026-01-18,involuntary,terms_violation,14644,0
C0006197,2026-02-04,voluntary,price_too_high,53486,0
C0039670,2026-02-08,voluntary,service_quality,43102,1
C0042245,2026-02-04,relocation,moved_out_of_footprint,61397,1
C0010359,2026-03-05,voluntary,competitor_fiber,58060,1
C0006203,2026-01-19,voluntary,price_too_high,36970,0
C0039880,2026-01-09,non_payment,collections_writeoff,82925,0
C0012117,2026-01-22,relocation,moved_out_of_footprint,89248,0
C0014581,2026-02-25,non_payment,collections_writeoff,58648,0
C0045412,2026-02-05,voluntary,competitor_fiber,14892,1
C0034740,2026-02-23,voluntary,service_quality,33823,0
C0015103,2026-02-08,non_payment,collections_writeoff,96952,0
C0004190,2026-03-03,relocation,moved_out_of_footprint,65058,0
C0010246,2026-01-10,voluntary,price_too_high,61397,1
C0009666,2026-02-16,voluntary,competitor_fiber,33693,1
C0005549,2026-02-02,non_payment,collections_writeoff,17727,1
C0000349,2026-02-01,voluntary,service_quality,59197,1
C0022598,2026-03-22,non_payment,collections_writeoff,71413,0
C0003130,2026-03-05,voluntary,service_quality,85846,1
C0002600,2026-03-18,voluntary,moved_to_competitor_5g,31609,0
C0021145,2026-03-20,voluntary,price_too_high,61397,1
C0032596,2026-01-26,non_payment,collections_writeoff,55408,1
C0046742,2026-02-28,voluntary,competitor_fiber,35401,1
C0022571,2026-01-14,non_payment,collections_writeoff,70434,0
C0021074,2026-01-18,non_payment,collections_writeoff,66911,1
C0023827,2026-02-08,involuntary,deceased,45413,0
C0013217,2026-01-01,non_payment,collections_writeoff,90631,1
C0006598,2026-02-20,non_payment,collections_writeoff,69330,0
C0023338,2026-02-12,non_payment,collections_writeoff,61397,1
C0000883,2026-03-21,non_payment,collections_writeoff,53384,1
C0034139,2026-02-18,voluntary,service_quality,58060,1
C0024131,2026-02-12,voluntary,competitor_fiber,25464,1
C0047013,2026-02-26,voluntary,competitor_fiber,82951,1
C0028995,2026-02-12,voluntary,competitor_fiber,70968,1
C0007814,2026-02-25,non_payment,collections_writeoff,70548,0
C0008106,2026-03-25,voluntary,competitor_fiber,68710,1
C0043426,2026-03-18,involuntary,fraud,23801,0
C0015493,2026-01-18,voluntary,competitor_fiber,99820,1
C0036457,2026-02-08,non_payment,collections_writeoff,38666,0
C0019642,2026-02-11,involuntary,fraud,68710,1
C0011118,2026-03-19,voluntary,service_quality,33693,1
C0025561,2026-03-30,non_payment,collections_writeoff,50550,0
C0022784,2026-01-26,voluntary,competitor_fiber,98559,1
C0047479,2026-03-03,non_payment,collections_writeoff,82954,0
C0030324,2026-02-10,non_payment,collections_writeoff,34955,1
C0012595,2026-01-23,non_payment,collections_writeoff,70968,1
C0013373,2026-02-20,voluntary,service_quality,90971,1
C0026219,2026-02-10,involuntary,deceased,57668,1
C0048075,2026-02-07,non_payment,collections_writeoff,38864,0
C0013140,2026-03-30,voluntary,price_too_high,34955,1
C0009388,2026-03-23,voluntary,competitor_fiber,85422,0
C0008985,2026-03-04,non_payment,collections_writeoff,82925,0
C0023263,2026-03-15,non_payment,collections_writeoff,59214,1
C0036899,2026-02-01,voluntary,price_too_high,71061,1
C0012625,2026-02-11,voluntary,price_too_high,63402,0
C0035448,2026-02-18,non_payment,collections_writeoff,36136,0
C0015045,2026-02-05,non_payment,collections_writeoff,39460,0
C0035824,2026-02-20,non_payment,collections_writeoff,21864,1
C0039646,2026-02-16,relocation,moved_out_of_footprint,72904,0
C0002996,2026-01-15,voluntary,competitor_fiber,20366,1
C0035542,2026-03-14,voluntary,service_quality,89248,0
C0024835,2026-01-26,relocation,moved_out_of_footprint,97173,0
C0017449,2026-03-17,voluntary,service_quality,55408,1
C0009790,2026-03-11,non_payment,collections_writeoff,71413,0
C0005081,2026-01-24,involuntary,terms_violation,90971,1
C0011005,2026-03-29,voluntary,moved_to_competitor_5g,32658,0
C0010174,2026-03-12,voluntary,moved_to_competitor_5g,19147,0
C0026659,2026-01-04,involuntary,deceased,74546,1
C0003354,2026-03-01,voluntary,competitor_fiber,42290,1
C0022457,2026-01-27,non_payment,collections_writeoff,25464,1
C0035273,2026-02-26,voluntary,price_too_high,70169,0
C0018520,2026-02-07,voluntary,price_too_high,59214,1
C0044000,2026-03-30,non_payment,collections_writeoff,84185,0
C0014316,2026-01-09,voluntary,competitor_fiber,64810,1
C0042927,2026-02-22,non_payment,collections_writeoff,90971,1
C0029309,2026-03-28,non_payment,collections_writeoff,71413,0
C0008094,2026-03-05,voluntary,competitor_fiber,63402,0
C0010302,2026-01-18,non_payment,collections_writeoff,69330,0
C0024405,2026-03-23,non_payment,collections_writeoff,50623,0
C0040109,2026-02-08,voluntary,competitor_fiber,22457,1
C0032059,2026-01-31,non_payment,collections_writeoff,85846,1
C0018481,2026-02-02,voluntary,competitor_fiber,77889,1
C0003144,2026-03-26,voluntary,service_quality,65058,0
C0011191,2026-01-20,involuntary,fraud,47558,0
C0037939,2026-02-24,non_payment,collections_writeoff,26270,0
C0028378,2026-02-18,voluntary,service_quality,44535,1
C0026907,2026-01-10,non_payment,collections_writeoff,15642,0
C0036155,2026-02-27,relocation,moved_out_of_footprint,66347,0
C0031252,2026-03-18,voluntary,competitor_fiber,91235,0
C0042028,2026-03-03,voluntary,moved_to_competitor_5g,25464,1
C0046742,2026-03-16,involuntary,terms_violation,35401,1
C0036947,2026-02-21,non_payment,collections_writeoff,26270,0
C0043095,2026-03-10,involuntary,deceased,14892,1
C0036852,2026-03-06,voluntary,price_too_high,95873,0
C0049403,2026-03-30,non_payment,collections_writeoff,95590,0
C0030478,2026-02-23,voluntary,competitor_fiber,50859,1
C0049555,2026-03-11,voluntary,competitor_fiber,99820,1
C0039858,2026-01-05,non_payment,collections_writeoff,20239,0
C0039207,2026-02-16,non_payment,collections_writeoff,39661,0
C0045091,2026-03-31,non_payment,collections_writeoff,84155,0
C0048760,2026-03-10,non_payment,collections_writeoff,45413,0
C0032915,2026-03-18,voluntary,moved_to_competitor_5g,14892,1
C0023910,2026-03-23,non_payment,collections_writeoff,58648,0
C0037014,2026-01-11,voluntary,competitor_fiber,94492,0
C0014993,2026-01-14,voluntary,competitor_fiber,48002,0
C0022239,2026-02-01,voluntary,competitor_fiber,96434,0
C0049302,2026-03-26,non_payment,collections_writeoff,96473,1
C0007398,2026-03-27,voluntary,service_quality,14892,1
C0008765,2026-02-15,non_payment,collections_writeoff,85422,0
C0005027,2026-01-22,involuntary,deceased,82481,0
C0043864,2026-03-24,non_payment,collections_writeoff,84185,0
C0040963,2026-03-20,non_payment,collections_writeoff,25352,0
C0029014,2026-01-06,voluntary,service_quality,41592,0
C0045008,2026-03-14,voluntary,moved_to_competitor_5g,18775,0
C0036318,2026-03-24,involuntary,fraud,46830,0
C0032300,2026-03-28,involuntary,fraud,92374,1
C0000701,2026-03-24,relocation,moved_out_of_footprint,30476,1
C0041621,2026-02-21,voluntary,service_quality,70968,1
C0040791,2026-02-12,voluntary,moved_to_competitor_5g,70968,1
C0034892,2026-02-25,voluntary,competitor_fiber,16607,0
C0015657,2026-01-14,voluntary,moved_to_competitor_5g,38047,1
C0044487,2026-01-02,non_payment,collections_writeoff,42052,0
C0049131,2026-01-13,voluntary,competitor_fiber,19147,0
C0033449,2026-02-03,voluntary,moved_to_competitor_5g,42052,0
C0034611,2026-01-29,voluntary,service_quality,71226,0
C0036865,2026-03-07,voluntary,service_quality,90631,1
C0011045,2026-03-08,relocation,moved_out_of_footprint,69330,0
C0021208,2026-03-13,non_payment,collections_writeoff,97173,0
C0016222,2026-03-16,non_payment,collections_writeoff,58915,1
C0022784,2026-03-30,voluntary,competitor_fiber,98559,1
C0008738,2026-03-15,relocation,moved_out_of_footprint,36136,0
C0048371,2026-01-29,non_payment,collections_writeoff,23944,1
C0023154,2026-02-27,relocation,moved_out_of_footprint,12914,1
C0003337,2026-02-17,involuntary,deceased,71413,0
C0033148,2026-02-20,non_payment,collections_writeoff,20366,1
C0009260,2026-03-01,voluntary,competitor_fiber,21437,1
C0040769,2026-03-28,voluntary,competitor_fiber,36872,1
C0023272,2026-03-17,voluntary,competitor_fiber,84155,0
C0007725,2026-03-30,involuntary,terms_violation,38022,1
C0030242,2026-03-06,non_payment,collections_writeoff,70317,0
C0038545,2026-01-20,non_payment,collections_writeoff,25352,0
C0032826,2026-02-14,non_payment,collections_writeoff,14892,1
C0049601,2026-01-04,voluntary,price_too_high,71228,0
C0000147,2026-03-03,involuntary,terms_violation,44939,1
C0036361,2026-01-14,non_payment,collections_writeoff,22457,1
C0007854,2026-02-07,voluntary,service_quality,13234,0
C0033786,2026-02-23,voluntary,competitor_fiber,82345,0
C0034683,2026-01-11,non_payment,collections_writeoff,32658,0
C0032000,2026-01-15,voluntary,competitor_fiber,82925,0
C0003769,2026-01-19,involuntary,terms_violation,15712,0
C0041915,2026-02-14,voluntary,price_too_high,77889,1
C0041131,2026-02-09,non_payment,collections_writeoff,30476,1
C0019908,2026-02-13,voluntary,service_quality,75244,0
C0032519,2026-02-28,non_payment,collections_writeoff,36872,1
C0001576,2026-01-27,voluntary,price_too_high,68710,1
C0035361,2026-03-08,voluntary,competitor_fiber,92391,1
C0042085,2026-03-03,voluntary,service_quality,57668,1
C0039942,2026-02-14,voluntary,moved_to_competitor_5g,37754,1
C0000453,2026-03-02,relocation,moved_out_of_footprint,11967,0
C0010200,2026-01-13,involuntary,fraud,50859,1
C0033919,2026-02-26,non_payment,collections_writeoff,21797,0
C0020204,2026-03-31,voluntary,service_quality,96434,0
C0004759,2026-02-27,non_payment,collections_writeoff,20239,0
C0019614,2026-02-10,relocation,moved_out_of_footprint,33693,1
C0023888,2026-01-09,involuntary,fraud,38113,0
C0022188,2026-02-08,voluntary,service_quality,77889,1
C0030738,2026-01-06,voluntary,price_too_high,39367,1
C0011544,2026-01-15,voluntary,price_too_high,70968,1
C0018510,2026-01-03,voluntary,price_too_high,59197,1
C0002161,2026-02-13,non_payment,collections_writeoff,90971,1
C0044713,2026-03-24,voluntary,competitor_fiber,96434,0
C0007253,2026-01-14,relocation,moved_out_of_footprint,91235,0
C0047610,2026-03-28,voluntary,moved_to_competitor_5g,34955,1
C0029444,2026-01-22,non_payment,collections_writeoff,80959,0
C0039571,2026-02-01,non_payment,collections_writeoff,36218,0
C0027595,2026-03-08,relocation,moved_out_of_footprint,57943,1
C0018274,2026-01-23,non_payment,collections_writeoff,78299,0
C0016351,2026-03-12,voluntary,service_quality,38022,1
C0017420,2026-01-21,voluntary,competitor_fiber,16607,0
C0007786,2026-02-12,involuntary,fraud,23394,0
C0027597,2026-03-13,involuntary,terms_violation,82951,1
C0010515,2026-02-24,voluntary,price_too_high,57943,1
C0039739,2026-03-01,voluntary,price_too_high,90971,1
C0021595,2026-01-30,non_payment,collections_writeoff,24086,0
C0025484,2026-02-21,voluntary,price_too_high,64810,1
C0024363,2026-03-22,non_payment,collections_writeoff,48318,0
C0032264,2026-01-24,non_payment,collections_writeoff,44918,0
C0007070,2026-01-24,involuntary,deceased,50550,0
C0028308,2026-03-23,voluntary,service_quality,84338,1
C0020707,2026-03-26,non_payment,collections_writeoff,96434,0
C0026090,2026-02-25,non_payment,collections_writeoff,81021,0
C0028181,2026-02-20,voluntary,service_quality,85846,1
C0000628,2026-01-04,voluntary,competitor_fiber,14892,1
C0013447,2026-03-20,non_payment,collections_writeoff,40418,0
C0031470,2026-01-26,involuntary,deceased,18775,0
C0018971,2026-02-27,relocation,moved_out_of_footprint,95590,0
C0004302,2026-03-17,voluntary,moved_to_competitor_5g,31397,0
C0014179,2026-02-24,non_payment,collections_writeoff,13234,0
C0043925,2026-02-19,non_payment,collections_writeoff,43102,1
C0012247,2026-01-01,voluntary,competitor_fiber,71061,1
C0016350,2026-01-28,relocation,moved_out_of_footprint,80363,1
C0044417,2026-01-27,non_payment,collections_writeoff,91235,0
C0007538,2026-02-05,involuntary,deceased,32768,1
C0017844,2026-01-09,non_payment,collections_writeoff,64810,1
C0045938,2026-03-15,involuntary,terms_violation,63905,1
C0037144,2026-01-14,voluntary,competitor_fiber,41092,0
C0013004,2026-03-10,involuntary,fraud,58915,1
C0006755,2026-01-24,voluntary,competitor_fiber,44918,0
C0014916,2026-02-16,voluntary,competitor_fiber,39367,1
C0031035,2026-02-11,non_payment,collections_writeoff,72904,0
C0038745,2026-01-26,involuntary,deceased,44145,0
C0022748,2026-02-28,non_payment,collections_writeoff,21797,0
C0049398,2026-01-15,non_payment,collections_writeoff,44517,0
C0019320,2026-02-03,voluntary,service_quality,21797,0
C0006165,2026-03-27,non_payment,collections_writeoff,36872,1
C0017948,2026-03-04,involuntary,fraud,20943,1
C0027939,2026-03-09,voluntary,moved_to_competitor_5g,25464,1
C0016638,2026-03-23,non_payment,collections_writeoff,25352,0
C0004153,2026-02-10,voluntary,service_quality,21931,1
C0000898,2026-03-18,non_payment,collections_writeoff,92391,1
C0019865,2026-02-19,non_payment,collections_writeoff,99577,0
C0015167,2026-03-20,voluntary,service_quality,94681,1
C0029213,2026-02-20,non_payment,collections_writeoff,97554,0
C0022032,2026-03-17,relocation,moved_out_of_footprint,58648,0
C0035090,2026-01-15,voluntary,competitor_fiber,99082,1
C0006874,2026-02-14,non_payment,collections_writeoff,49226,0
C0044804,2026-02-15,voluntary,price_too_high,36970,0
C0042096,2026-02-28,voluntary,service_quality,15642,0
C0012774,2026-03-21,non_payment,collections_writeoff,34725,1
C0011568,2026-01-23,non_payment,collections_writeoff,44918,0
C0032863,2026-03-28,non_payment,collections_writeoff,70434,0
C0030697,2026-02-08,non_payment,collections_writeoff,82481,0
C0025123,2026-03-20,voluntary,service_quality,59214,1
C0020462,2026-03-17,voluntary,service_quality,44517,0
C0002641,2026-01-11,non_payment,collections_writeoff,84155,0
C0017227,2026-03-28,voluntary,service_quality,59214,1
C0022116,2026-01-18,non_payment,collections_writeoff,46443,0
C0046913,2026-02-10,voluntary,service_quality,21747,1
C0048098,2026-01-16,non_payment,collections_writeoff,58648,0
C0032582,2026-01-31,non_payment,collections_writeoff,14200,0
C0032881,2026-02-09,voluntary,service_quality,36872,1
C0041815,2026-01-15,non_payment,collections_writeoff,21931,1
C0030147,2026-01-24,non_payment,collections_writeoff,24944,0
C0008540,2026-02-17,voluntary,competitor_fiber,21437,1
C0012484,2026-03-30,voluntary,service_quality,22726,1
C0048689,2026-01-19,involuntary,terms_violation,33562,0
C0045434,2026-03-07,non_payment,collections_writeoff,36136,0
C0022662,2026-02-19,voluntary,price_too_high,21747,1
C0009032,2026-02-23,voluntary,price_too_high,96952,0
C0016818,2026-03-18,voluntary,moved_to_competitor_5g,64760,0
C0015980,2026-01-18,voluntary,price_too_high,31397,0
C0021337,2026-03-15,voluntary,price_too_high,89248,0
C0042642,2026-02-19,non_payment,collections_writeoff,38022,1
C0036761,2026-02-24,voluntary,competitor_fiber,94492,0
C0044700,2026-01-24,voluntary,moved_to_competitor_5g,37608,1
C0038869,2026-03-04,voluntary,competitor_fiber,34725,1
C0037679,2026-03-23,non_payment,collections_writeoff,30476,1
C0028034,2026-03-10,non_payment,collections_writeoff,82925,0
C0015792,2026-03-30,voluntary,service_quality,80363,1
C0026592,2026-03-24,non_payment,collections_writeoff,20239,0
C0016351,2026-01-23,non_payment,collections_writeoff,38022,1
C0049766,2026-03-13,voluntary,competitor_fiber,70169,0
C0022764,2026-01-22,voluntary,competitor_fiber,43481,0
C0009679,2026-03-04,voluntary,competitor_fiber,66911,1
C0003890,2026-02-06,non_payment,collections_writeoff,43102,1
C0024961,2026-01-18,non_payment,collections_writeoff,29795,0
C0041268,2026-01-24,voluntary,competitor_fiber,99034,1
C0005411,2026-02-10,non_payment,collections_writeoff,22726,1
C0018411,2026-02-27,non_payment,collections_writeoff,69374,0
C0003935,2026-03-21,non_payment,collections_writeoff,37754,1
C0004425,2026-01-07,voluntary,price_too_high,47558,0
C0020275,2026-02-15,voluntary,competitor_fiber,50550,0
C0003985,2026-01-02,involuntary,fraud,23944,1
C0000971,2026-03-04,non_payment,collections_writeoff,94681,1
C0043570,2026-01-18,voluntary,service_quality,20366,1
C0033652,2026-01-25,involuntary,fraud,32658,0
C0041680,2026-02-19,voluntary,competitor_fiber,39367,1
C0021661,2026-03-13,voluntary,price_too_high,48318,0
C0015148,2026-03-06,voluntary,competitor_fiber,63905,1
C0049299,2026-03-25,voluntary,competitor_fiber,92374,1
C0043271,2026-03-05,voluntary,competitor_fiber,55443,0
C0029848,2026-02-22,voluntary,competitor_fiber,49965,1
C0016963,2026-03-29,voluntary,service_quality,44517,0
C0017405,2026-03-04,non_payment,collections_writeoff,64810,1
C0003133,2026-02-23,non_payment,collections_writeoff,99820,1
C0014308,2026-02-26,voluntary,competitor_fiber,33562,0
C0036186,2026-03-04,involuntary,fraud,39367,1
C0033238,2026-01-22,non_payment,collections_writeoff,64760,0
C0025796,2026-01-11,non_payment,collections_writeoff,95590,0
C0037465,2026-03-14,voluntary,moved_to_competitor_5g,66911,1
C0033834,2026-01-04,non_payment,collections_writeoff,97173,0
C0026384,2026-01-29,voluntary,service_quality,36218,0
C0000027,2026-02-07,non_payment,collections_writeoff,71226,0
C0018204,2026-01-05,involuntary,terms_violation,35401,1
C0004189,2026-02-05,voluntary,competitor_fiber,53384,1
C0042102,2026-01-29,involuntary,terms_violation,99820,1
C0022273,2026-03-10,non_payment,collections_writeoff,31397,0
C0013761,2026-02-06,involuntary,fraud,81021,0
C0034172,2026-01-22,non_payment,collections_writeoff,37754,1
C0007615,2026-02-28,involuntary,fraud,68710,1
C0024176,2026-03-14,voluntary,competitor_fiber,65058,0
C0021271,2026-03-05,voluntary,price_too_high,37608,1
C0039160,2026-03-12,voluntary,competitor_fiber,99577,0
C0045879,2026-03-07,non_payment,collections_writeoff,14493,1
C0011497,2026-01-15,non_payment,collections_writeoff,54807,1
C0029869,2026-03-15,non_payment,collections_writeoff,97173,0
C0038506,2026-01-15,non_payment,collections_writeoff,84155,0
C0000297,2026-02-04,voluntary,competitor_fiber,22457,1
C0040893,2026-03-11,non_payment,collections_writeoff,61397,1
C0020799,2026-02-16,non_payment,collections_writeoff,46830,0
C0006848,2026-03-11,non_payment,collections_writeoff,72904,0
C0021061,2026-01-06,voluntary,competitor_fiber,57668,1
C0037205,2026-02-26,non_payment,collections_writeoff,44918,0
C0022822,2026-03-11,non_payment,collections_writeoff,39367,1
C0024450,2026-01-28,non_payment,collections_writeoff,99577,0
C0010317,2026-02-24,non_payment,collections_writeoff,82481,0
C0042850,2026-01-14,voluntary,competitor_fiber,50550,0
C0009098,2026-03-25,non_payment,collections_writeoff,47558,0
C0041041,2026-02-01,relocation,moved_out_of_footprint,82345,0
C0041570,2026-02-08,involuntary,fraud,44939,1
C0036333,2026-01-05,voluntary,service_quality,99034,1
C0024905,2026-02-27,voluntary,price_too_high,72611,1
C0013365,2026-02-03,involuntary,fraud,53486,0
C0049342,2026-02-14,voluntary,competitor_fiber,48002,0
C0014479,2026-01-12,voluntary,competitor_fiber,31397,0
C0015187,2026-02-26,involuntary,deceased,85422,0
C0012229,2026-01-16,voluntary,service_quality,38047,1
C0006053,2026-01-31,non_payment,collections_writeoff,49965,1
C0006141,2026-01-27,relocation,moved_out_of_footprint,36970,0
C0036570,2026-03-17,non_payment,collections_writeoff,49756,0
C0011896,2026-03-30,involuntary,terms_violation,32768,1
C0032034,2026-02-14,non_payment,collections_writeoff,17727,1
C0005614,2026-03-20,voluntary,price_too_high,40418,0
C0031577,2026-03-22,non_payment,collections_writeoff,53616,0
C0011824,2026-02-24,voluntary,moved_to_competitor_5g,85422,0
C0013340,2026-01-22,voluntary,price_too_high,59214,1
C0024281,2026-03-20,non_payment,collections_writeoff,64760,0
C0012311,2026-01-18,voluntary,moved_to_competitor_5g,42290,1
C0023220,2026-01-27,non_payment,collections_writeoff,21797,0
C0011353,2026-01-27,voluntary,competitor_fiber,36136,0
C0024361,2026-01-08,voluntary,moved_to_competitor_5g,65058,0
C0043122,2026-03-14,voluntary,price_too_high,28094,1
C0022416,2026-02-14,non_payment,collections_writeoff,75244,0
C0039538,2026-03-10,voluntary,competitor_fiber,70968,1
C0000833,2026-02-05,voluntary,moved_to_competitor_5g,27636,1
C0010522,2026-03-18,non_payment,collections_writeoff,74546,1
C0013874,2026-03-10,voluntary,competitor_fiber,14646,0
C0002867,2026-01-22,voluntary,competitor_fiber,14892,1
C0037935,2026-02-11,non_payment,collections_writeoff,70968,1
C0032131,2026-02-07,voluntary,competitor_fiber,42052,0
C0042677,2026-02-07,non_payment,collections_writeoff,67946,1
C0016640,2026-03-15,non_payment,collections_writeoff,55408,1
C0000725,2026-02-04,voluntary,competitor_fiber,54807,1
C0032822,2026-03-07,non_payment,collections_writeoff,58915,1
C0046364,2026-03-28,voluntary,price_too_high,26270,0
C0026155,2026-01-13,voluntary,price_too_high,64810,1
C0036515,2026-01-18,voluntary,competitor_fiber,58060,1
C0026528,2026-02-22,non_payment,collections_writeoff,24086,0
C0004503,2026-01-08,voluntary,price_too_high,82951,1
C0046790,2026-02-05,voluntary,competitor_fiber,64874,0
C0048346,2026-03-25,non_payment,collections_writeoff,67946,1
C0025773,2026-01-17,non_payment,collections_writeoff,96473,1
C0041123,2026-03-31,involuntary,terms_violation,59214,1
C0030065,2026-01-17,non_payment,collections_writeoff,82345,0
C0044239,2026-02-01,non_payment,collections_writeoff,84437,0
C0001390,2026-01-19,involuntary,fraud,11967,0
C0038899,2026-02-11,non_payment,collections_writeoff,71413,0
C0022334,2026-02-01,voluntary,price_too_high,69363,1
C0049745,2026-03-28,voluntary,competitor_fiber,99577,0
C0019646,2026-02-20,voluntary,service_quality,31609,0
C0012514,2026-03-04,voluntary,price_too_high,23801,0
C0036255,2026-01-19,voluntary,competitor_fiber,63402,0
C0029586,2026-03-15,non_payment,collections_writeoff,43481,0
C0027822,2026-03-22,non_payment,collections_writeoff,81021,0
C0045008,2026-02-04,voluntary,service_quality,18775,0
C0007367,2026-03-22,voluntary,price_too_high,33314,0
C0041500,2026-02-23,non_payment,collections_writeoff,48318,0
C0043326,2026-02-18,voluntary,service_quality,84147,1
C0027104,2026-02-27,voluntary,price_too_high,63402,0
C0004104,2026-01-10,voluntary,price_too_high,30476,1
C0029350,2026-03-23,non_payment,collections_writeoff,82345,0
C0009942,2026-01-12,non_payment,collections_writeoff,82954,0
C0020272,2026-02-21,voluntary,service_quality,39367,1
C0011670,2026-03-07,voluntary,price_too_high,34725,1
C0020402,2026-02-05,non_payment,collections_writeoff,39661,0
C0038887,2026-03-30,non_payment,collections_writeoff,44517,0
C0030543,2026-02-17,non_payment,collections_writeoff,81299,0
C0009845,2026-02-28,voluntary,service_quality,50682,1
C0040945,2026-03-04,voluntary,price_too_high,14892,1
C0008504,2026-02-11,voluntary,competitor_fiber,23944,1
C0010624,2026-03-16,voluntary,price_too_high,11739,0
C0043368,2026-01-01,involuntary,deceased,21864,1
C0038349,2026-01-12,voluntary,competitor_fiber,21747,1
C0033616,2026-02-28,non_payment,collections_writeoff,69363,1
C0041928,2026-03-23,non_payment,collections_writeoff,90631,1
C0009742,2026-03-27,involuntary,fraud,38047,1
C0012176,2026-03-31,voluntary,competitor_fiber,49965,1
C0030123,2026-02-15,voluntary,competitor_fiber,33562,0
C0035115,2026-01-09,voluntary,moved_to_competitor_5g,17727,1
C0030337,2026-03-10,non_payment,collections_writeoff,55443,0
C0016276,2026-02-20,non_payment,collections_writeoff,49756,0
C0036271,2026-01-28,non_payment,collections_writeoff,50682,1
C0009510,2026-02-24,non_payment,collections_writeoff,42290,1
C0041136,2026-01-28,non_payment,collections_writeoff,79069,0
C0038099,2026-03-05,voluntary,service_quality,40418,0
C0023109,2026-02-04,involuntary,terms_violation,92374,1
C0022379,2026-02-11,non_payment,collections_writeoff,99577,0
C0025790,2026-02-06,non_payment,collections_writeoff,58648,0
C0027129,2026-02-13,voluntary,competitor_fiber,36872,1
C0028625,2026-03-12,non_payment,collections_writeoff,97173,0
C0041721,2026-03-15,relocation,moved_out_of_footprint,21437,1
C0021215,2026-01-17,voluntary,service_quality,63905,1
C0037421,2026-03-14,non_payment,collections_writeoff,69363,1
C0041440,2026-03-04,voluntary,competitor_fiber,31397,0
C0043572,2026-02-13,voluntary,moved_to_competitor_5g,66911,1
C0006869,2026-03-29,voluntary,competitor_fiber,80363,1
C0040603,2026-01-07,non_payment,collections_writeoff,32768,1
C0046854,2026-01-06,involuntary,terms_violation,84185,0
C0028512,2026-01-13,non_payment,collections_writeoff,50859,1
C0049040,2026-03-22,voluntary,competitor_fiber,28094,1
C0003715,2026-02-28,voluntary,service_quality,71568,1
C0046879,2026-01-03,voluntary,service_quality,54807,1
C0021202,2026-01-16,non_payment,collections_writeoff,49965,1
C0045595,2026-01-21,voluntary,competitor_fiber,43102,1
C0017808,2026-02-26,non_payment,collections_writeoff,71094,0
C0003905,2026-02-28,voluntary,price_too_high,70755,1
C0011504,2026-01-01,voluntary,service_quality,39367,1
C0019314,2026-02-24,involuntary,deceased,81299,0
C0002164,2026-01-26,non_payment,collections_writeoff,34200,1
C0027116,2026-03-30,non_payment,collections_writeoff,43102,1
C0034625,2026-01-17,voluntary,service_quality,58915,1
C0014482,2026-03-25,non_payment,collections_writeoff,28094,1
C0013811,2026-02-08,relocation,moved_out_of_footprint,71934,0
C0011399,2026-01-21,voluntary,moved_to_competitor_5g,37754,1
C0030925,2026-02-05,non_payment,collections_writeoff,78102,0
C0024738,2026-01-12,voluntary,service_quality,54744,0
C0022356,2026-03-25,non_payment,collections_writeoff,37608,1
C0040198,2026-02-16,non_payment,collections_writeoff,32658,0
C0045729,2026-02-02,voluntary,moved_to_competitor_5g,41592,0
C0008737,2026-01-11,non_payment,collections_writeoff,49756,0
C0004835,2026-02-17,relocation,moved_out_of_footprint,53486,0
C0013306,2026-03-27,non_payment,collections_writeoff,82951,1
C0001979,2026-03-25,voluntary,price_too_high,39367,1
C0049443,2026-01-22,voluntary,moved_to_competitor_5g,66911,1
C0021595,2026-01-07,voluntary,service_quality,24086,0
C0000818,2026-02-20,relocation,moved_out_of_footprint,21437,1
C0009812,2026-03-22,voluntary,price_too_high,36136,0
C0011956,2026-02-09,involuntary,fraud,14644,0
C0043176,2026-03-31,voluntary,competitor_fiber,30476,1
C0045782,2026-01-30,involuntary,fraud,45413,0
C0027724,2026-02-24,voluntary,service_quality,38022,1
C0045280,2026-03-25,non_payment,collections_writeoff,76290,0
C0018794,2026-01-12,voluntary,service_quality,13234,0
C0032403,2026-01-13,non_payment,collections_writeoff,33823,0
C0010217,2026-01-01,involuntary,deceased,39460,0
C0005372,2026-01-28,voluntary,moved_to_competitor_5g,95846,0
C0033700,2026-03-03,non_payment,collections_writeoff,70169,0
C0039596,2026-01-10,involuntary,deceased,71228,0
C0004603,2026-01-17,non_payment,collections_writeoff,42290,1
C0034813,2026-03-17,voluntary,service_quality,34725,1
C0001591,2026-01-29,non_payment,collections_writeoff,74521,0
C0037491,2026-03-08,voluntary,moved_to_competitor_5g,84185,0
C0027766,2026-03-29,voluntary,moved_to_competitor_5g,99820,1
C0044172,2026-02-26,non_payment,collections_writeoff,98559,1
C0034299,2026-01-02,voluntary,moved_to_competitor_5g,15642,0
C0008201,2026-01-02,voluntary,competitor_fiber,70548,0
C0004562,2026-03-31,voluntary,competitor_fiber,44939,1
C0007891,2026-02-13,voluntary,service_quality,99179,0
C0039655,2026-01-16,voluntary,service_quality,36970,0
C0030700,2026-02-24,voluntary,competitor_fiber,22726,1
C0026549,2026-03-30,voluntary,competitor_fiber,34955,1
C0030574,2026-01-17,voluntary,service_quality,20943,1
C0014453,2026-03-03,non_payment,collections_writeoff,64760,0
C0041808,2026-01-10,voluntary,service_quality,70317,0
C0006842,2026-01-30,involuntary,terms_violation,63905,1
C0042612,2026-02-19,voluntary,competitor_fiber,11967,0
C0021986,2026-01-12,involuntary,deceased,49849,0
C0021643,2026-01-14,non_payment,collections_writeoff,69363,1
C0005277,2026-01-14,voluntary,service_quality,71226,0
C0003443,2026-02-10,non_payment,collections_writeoff,36136,0
C0049128,2026-02-17,voluntary,competitor_fiber,26270,0
C0020259,2026-02-08,voluntary,service_quality,84338,1
C0014361,2026-01-18,voluntary,competitor_fiber,61397,1
C0000570,2026-02-18,non_payment,collections_writeoff,68710,1
C0005960,2026-01-18,voluntary,competitor_fiber,47558,0
C0039989,2026-03-24,non_payment,collections_writeoff,90971,1
C0039636,2026-03-28,voluntary,competitor_fiber,99082,1
C0035624,2026-01-19,voluntary,price_too_high,99082,1
C0007002,2026-01-09,non_payment,collections_writeoff,18342,0
C0029967,2026-03-09,non_payment,collections_writeoff,75244,0
C0048159,2026-03-14,voluntary,competitor_fiber,84338,1
C0032783,2026-01-02,voluntary,competitor_fiber,14892,1
C0012772,2026-03-20,relocation,moved_out_of_footprint,74521,0
C0015483,2026-03-25,voluntary,service_quality,21864,1
C0028840,2026-01-22,non_payment,collections_writeoff,84147,1
C0026323,2026-02-26,non_payment,collections_writeoff,84338,1
C0037235,2026-02-14,non_payment,collections_writeoff,70968,1
C0020931,2026-01-28,voluntary,moved_to_competitor_5g,49226,0
C0042109,2026-03-22,non_payment,collections_writeoff,81021,0
C0001553,2026-01-20,voluntary,competitor_fiber,82345,0
C0012638,2026-02-22,non_payment,collections_writeoff,33314,0
C0032370,2026-03-20,non_payment,collections_writeoff,46830,0
C0028848,2026-03-29,non_payment,collections_writeoff,77328,0
C0019014,2026-02-26,voluntary,price_too_high,63870,0
C0030481,2026-01-28,voluntary,service_quality,90631,1
C0006779,2026-01-12,non_payment,collections_writeoff,33823,0
C0005132,2026-01-13,voluntary,price_too_high,33823,0
C0036712,2026-01-18,non_payment,collections_writeoff,77328,0
C0049866,2026-01-16,non_payment,collections_writeoff,71061,1
C0042875,2026-03-17,voluntary,competitor_fiber,49756,0
C0032931,2026-02-19,non_payment,collections_writeoff,21551,0
C0047092,2026-02-14,involuntary,deceased,89248,0
C0024031,2026-02-24,voluntary,service_quality,49226,0
C0042690,2026-02-10,voluntary,competitor_fiber,31397,0
C0031243,2026-01-18,non_payment,collections_writeoff,33823,0
C0030010,2026-02-01,non_payment,collections_writeoff,46830,0
C0014956,2026-02-05,non_payment,collections_writeoff,84185,0
C0029635,2026-03-24,voluntary,price_too_high,36872,1
C0007251,2026-01-11,non_payment,collections_writeoff,99034,1
C0002623,2026-02-01,involuntary,terms_violation,35401,1
C0025404,2026-03-12,voluntary,price_too_high,38022,1
C0015671,2026-03-18,relocation,moved_out_of_footprint,39661,0
C0028360,2026-03-18,voluntary,price_too_high,65704,0
C0037153,2026-03-19,voluntary,price_too_high,47558,0
C0001856,2026-02-06,non_payment,collections_writeoff,43481,0
C0028626,2026-03-30,voluntary,moved_to_competitor_5g,41592,0
C0016640,2026-01-04,non_payment,collections_writeoff,55408,1
C0020287,2026-03-26,relocation,moved_out_of_footprint,11967,0
C0035858,2026-02-08,relocation,moved_out_of_footprint,85846,1
C0027549,2026-01-27,non_payment,collections_writeoff,55443,0
C0004718,2026-03-08,non_payment,collections_writeoff,38864,0
C0021614,2026-03-19,voluntary,moved_to_competitor_5g,55443,0
C0031339,2026-03-07,voluntary,service_quality,39367,1
C0028695,2026-01-25,voluntary,service_quality,58060,1
C0037783,2026-02-20,relocation,moved_out_of_footprint,77889,1
C0030512,2026-02-07,non_payment,collections_writeoff,37608,1
C0025921,2026-03-24,voluntary,competitor_fiber,64745,0
C0031850,2026-01-07,non_payment,collections_writeoff,28094,1
C0038791,2026-01-31,voluntary,moved_to_competitor_5g,37608,1
C0028970,2026-03-05,voluntary,competitor_fiber,43481,0
C0010237,2026-02-19,voluntary,service_quality,54807,1
C0037273,2026-01-15,involuntary,fraud,85846,1
C0031999,2026-01-31,relocation,moved_out_of_footprint,49849,0
C0034816,2026-03-05,non_payment,collections_writeoff,14200,0
C0029013,2026-03-23,voluntary,competitor_fiber,41592,0
C0044603,2026-03-18,voluntary,service_quality,82925,0
C0018961,2026-01-10,voluntary,moved_to_competitor_5g,63905,1
C0020556,2026-03-09,voluntary,price_too_high,65704,0
C0047535,2026-01-02,non_payment,collections_writeoff,71226,0
C0026932,2026-02-16,non_payment,collections_writeoff,82345,0
C0021623,2026-02-10,voluntary,competitor_fiber,42290,1
C0002797,2026-01-17,voluntary,price_too_high,49849,0
C0040673,2026-02-19,relocation,moved_out_of_footprint,33693,1
C0039790,2026-03-14,non_payment,collections_writeoff,39367,1
C0010296,2026-02-23,non_payment,collections_writeoff,97173,0
C0045859,2026-02-16,relocation,moved_out_of_footprint,50859,1
C0008612,2026-03-11,voluntary,moved_to_competitor_5g,21864,1
C0001815,2026-03-29,non_payment,collections_writeoff,21931,1
C0020171,2026-01-23,non_payment,collections_writeoff,71061,1
C0023469,2026-03-02,voluntary,price_too_high,73118,0
C0022513,2026-01-10,non_payment,collections_writeoff,59214,1
C0022688,2026-01-03,non_payment,collections_writeoff,33562,0
C0044919,2026-03-17,non_payment,collections_writeoff,22457,1
C0022868,2026-01-09,voluntary,service_quality,48002,0
C0030465,2026-01-02,voluntary,moved_to_competitor_5g,46830,0
C0007152,2026-02-03,relocation,moved_out_of_footprint,70548,0
C0034885,2026-01-28,non_payment,collections_writeoff,44145,0
C0048785,2026-01-06,voluntary,competitor_fiber,14892,1
C0028385,2026-01-08,voluntary,price_too_high,50859,1
C0023188,2026-02-20,voluntary,competitor_fiber,36970,0
C0041863,2026-03-06,non_payment,collections_writeoff,27636,1
C0036191,2026-02-06,voluntary,service_quality,21747,1
C0031210,2026-03-22,voluntary,price_too_high,26270,0
C0017308,2026-03-06,voluntary,service_quality,63870,0
C0038244,2026-02-23,non_payment,collections_writeoff,99820,1
C0007073,2026-02-24,non_payment,collections_writeoff,67946,1
C0010207,2026-03-31,involuntary,terms_violation,96473,1
C0002593,2026-02-21,non_payment,collections_writeoff,21747,1
C0015507,2026-01-11,non_payment,collections_writeoff,76290,0
C0023838,2026-03-23,non_payment,collections_writeoff,85422,0
C0020984,2026-03-10,relocation,moved_out_of_footprint,18342,0
C0031556,2026-03-10,non_payment,collections_writeoff,23394,0
C0044799,2026-03-20,non_payment,collections_writeoff,61397,1
C0014543,2026-01-20,non_payment,collections_writeoff,32768,1
C0029726,2026-02-05,voluntary,competitor_fiber,61397,1
C0040971,2026-01-11,non_payment,collections_writeoff,99196,0
C0017362,2026-02-09,voluntary,competitor_fiber,42290,1
C0044806,2026-01-11,voluntary,price_too_high,42290,1
C0014465,2026-03-07,voluntary,service_quality,99820,1
C0043851,2026-01-27,non_payment,collections_writeoff,96434,0
C0042655,2026-01-20,non_payment,collections_writeoff,67946,1
C0004539,2026-03-10,relocation,moved_out_of_footprint,50859,1
C0017951,2026-02-11,involuntary,terms_violation,33823,0
C0028981,2026-02-20,non_payment,collections_writeoff,50550,0
C0027369,2026-03-17,non_payment,collections_writeoff,37608,1
C0004943,2026-03-23,non_payment,collections_writeoff,81021,0
C0046676,2026-03-25,involuntary,deceased,68710,1
C0017573,2026-03-29,voluntary,competitor_fiber,50859,1
C0004390,2026-03-24,voluntary,service_quality,38022,1
C0006059,2026-01-09,involuntary,terms_violation,62104,0
C0024402,2026-02-09,voluntary,moved_to_competitor_5g,37754,1
C0011161,2026-03-31,non_payment,collections_writeoff,97173,0
C0037265,2026-02-25,non_payment,collections_writeoff,47558,0
C0001493,2026-01-31,voluntary,competitor_fiber,39367,1
C0013180,2026-01-08,voluntary,competitor_fiber,66911,1
C0010647,2026-02-01,non_payment,collections_writeoff,49849,0
C0000732,2026-01-12,voluntary,moved_to_competitor_5g,96434,0
C0036219,2026-02-25,voluntary,service_quality,33823,0
C0013013,2026-01-15,voluntary,service_quality,31397,0
C0031008,2026-02-28,non_payment,collections_writeoff,72611,1
C0047365,2026-03-20,involuntary,fraud,71061,1
C0014834,2026-03-19,non_payment,collections_writeoff,39661,0
C0046748,2026-01-08,non_payment,collections_writeoff,58915,1
C0021776,2026-02-09,non_payment,collections_writeoff,80363,1
C0028292,2026-03-27,non_payment,collections_writeoff,22726,1
C0029099,2026-03-26,voluntary,price_too_high,40418,0
C0000743,2026-01-23,non_payment,collections_writeoff,45413,0
C0032732,2026-01-16,relocation,moved_out_of_footprint,33314,0
C0033403,2026-01-02,voluntary,service_quality,54807,1
C0013475,2026-01-18,non_payment,collections_writeoff,84185,0
C0037000,2026-03-31,voluntary,price_too_high,90631,1
C0008240,2026-01-02,involuntary,deceased,33314,0
C0028261,2026-01-21,non_payment,collections_writeoff,38864,0
C0041873,2026-03-05,involuntary,terms_violation,53486,0
C0017922,2026-02-14,voluntary,moved_to_competitor_5g,39367,1
C0044653,2026-03-08,voluntary,price_too_high,58915,1
C0049130,2026-03-08,non_payment,collections_writeoff,23801,0
C0039239,2026-02-03,non_payment,collections_writeoff,63651,0
C0024943,2026-01-22,non_payment,collections_writeoff,69363,1
C0040875,2026-02-17,voluntary,service_quality,22457,1
C0037804,2026-01-17,voluntary,service_quality,22457,1
C0000942,2026-02-04,involuntary,terms_violation,90631,1
C0003998,2026-01-16,non_payment,collections_writeoff,33823,0
C0004156,2026-01-04,non_payment,collections_writeoff,82563,0
C0012221,2026-02-12,voluntary,price_too_high,82563,0
C0023897,2026-02-24,non_payment,collections_writeoff,46443,0
C0046616,2026-02-04,non_payment,collections_writeoff,55883,0
C0045433,2026-03-09,non_payment,collections_writeoff,33693,1
C0033712,2026-01-09,voluntary,competitor_fiber,28094,1
C0016452,2026-02-03,voluntary,service_quality,46443,0
C0022009,2026-03-15,voluntary,price_too_high,70169,0
C0002288,2026-03-22,voluntary,price_too_high,91235,0
C0049937,2026-01-10,non_payment,collections_writeoff,33693,1
C0023726,2026-03-05,non_payment,collections_writeoff,95590,0
C0003529,2026-02-28,non_payment,collections_writeoff,98559,1
C0027278,2026-03-07,voluntary,price_too_high,95846,0
C0009938,2026-02-16,non_payment,collections_writeoff,75244,0
C0026368,2026-01-08,non_payment,collections_writeoff,99179,0
C0035937,2026-03-05,voluntary,moved_to_competitor_5g,99034,1
C0006503,2026-03-14,voluntary,moved_to_competitor_5g,90971,1
C0005743,2026-01-22,involuntary,fraud,11739,0
C0001277,2026-02-17,voluntary,service_quality,14493,1
C0040677,2026-01-21,voluntary,competitor_fiber,72611,1
C0021089,2026-02-02,non_payment,collections_writeoff,63870,0
C0006535,2026-01-14,involuntary,deceased,58648,0
C0002559,2026-03-15,voluntary,competitor_fiber,22457,1
C0013015,2026-03-28,non_payment,collections_writeoff,69363,1
C0043723,2026-01-15,non_payment,collections_writeoff,35401,1
C0030340,2026-01-30,non_payment,collections_writeoff,70317,0
C0014607,2026-03-07,involuntary,terms_violation,63402,0
C0009407,2026-01-01,voluntary,service_quality,58060,1
C0041020,2026-01-06,non_payment,collections_writeoff,39367,1
C0022978,2026-01-02,voluntary,competitor_fiber,99820,1
C0027462,2026-02-01,non_payment,collections_writeoff,33562,0
C0046127,2026-01-06,voluntary,moved_to_competitor_5g,70968,1
C0030799,2026-03-02,voluntary,moved_to_competitor_5g,12914,1
C0034131,2026-02-16,non_payment,collections_writeoff,48318,0
C0021749,2026-02-19,voluntary,price_too_high,92374,1
C0000841,2026-01-20,voluntary,competitor_fiber,43102,1
C0034052,2026-01-23,voluntary,moved_to_competitor_5g,64810,1
C0028450,2026-01-05,non_payment,collections_writeoff,35401,1
C0043960,2026-03-12,non_payment,collections_writeoff,36872,1
C0018181,2026-03-25,voluntary,service_quality,99082,1
C0035015,2026-02-23,non_payment,collections_writeoff,70434,0
C0016456,2026-01-29,non_payment,collections_writeoff,82565,1
C0045615,2026-02-11,voluntary,price_too_high,98436,1
C0015849,2026-02-01,voluntary,price_too_high,21864,1
C0032331,2026-02-23,voluntary,competitor_fiber,72611,1
C0046247,2026-02-10,non_payment,collections_writeoff,24086,0
C0031901,2026-02-04,non_payment,collections_writeoff,77328,0
C0025587,2026-01-10,voluntary,service_quality,25464,1
C0016593,2026-03-15,non_payment,collections_writeoff,14646,0
C0026419,2026-02-17,involuntary,fraud,49965,1
C0009684,2026-01-16,non_payment,collections_writeoff,71226,0
C0008141,2026-03-06,voluntary,moved_to_competitor_5g,20943,1
C0009758,2026-03-28,voluntary,price_too_high,70968,1
C0049950,2026-01-07,voluntary,price_too_high,58060,1
C0045184,2026-01-23,voluntary,competitor_fiber,59197,1
C0049821,2026-01-29,non_payment,collections_writeoff,36872,1
C0047596,2026-03-08,non_payment,collections_writeoff,64874,0
C0013166,2026-01-06,voluntary,service_quality,12914,1
C0036159,2026-02-21,non_payment,collections_writeoff,44918,0
C0028667,2026-01-09,relocation,moved_out_of_footprint,71094,0
C0033643,2026-03-01,non_payment,collections_writeoff,67946,1
C0028691,2026-02-06,non_payment,collections_writeoff,59197,1
C0006524,2026-02-09,voluntary,service_quality,20943,1
C0005163,2026-02-11,voluntary,moved_to_competitor_5g,82951,1
C0005687,2026-01-12,non_payment,collections_writeoff,48318,0
C0037870,2026-03-12,voluntary,competitor_fiber,95846,0
C0011434,2026-02-28,non_payment,collections_writeoff,31609,0
C0044497,2026-01-02,non_payment,collections_writeoff,41592,0
C0039411,2026-02-17,voluntary,price_too_high,14644,0
C0043808,2026-01-26,voluntary,service_quality,28094,1
C0016073,2026-02-07,relocation,moved_out_of_footprint,16607,0
C0023160,2026-03-14,non_payment,collections_writeoff,44939,1
C0018021,2026-02-08,voluntary,moved_to_competitor_5g,72611,1
C0047278,2026-03-21,voluntary,service_quality,95873,0
C0021203,2026-02-01,non_payment,collections_writeoff,49226,0
C0008456,2026-03-01,voluntary,price_too_high,34955,1
C0016626,2026-02-17,non_payment,collections_writeoff,21551,0
C0025486,2026-03-17,non_payment,collections_writeoff,94681,1
C0013193,2026-03-05,non_payment,collections_writeoff,59197,1
C0023615,2026-01-26,non_payment,collections_writeoff,39661,0
C0008591,2026-03-11,voluntary,price_too_high,95846,0
C0017171,2026-02-01,involuntary,terms_violation,30476,1
C0011838,2026-01-20,relocation,moved_out_of_footprint,72904,0
C0008631,2026-01-01,voluntary,competitor_fiber,21797,0
C0015610,2026-02-22,non_payment,collections_writeoff,78102,0
C0024628,2026-01-04,non_payment,collections_writeoff,14646,0
C0004786,2026-01-30,non_payment,collections_writeoff,58915,1
C0044704,2026-03-11,voluntary,price_too_high,70317,0
C0006232,2026-02-14,voluntary,competitor_fiber,84338,1
C0000741,2026-03-23,voluntary,price_too_high,36218,0
C0024593,2026-03-30,involuntary,terms_violation,65058,0
C0020552,2026-01-02,involuntary,terms_violation,50859,1
C0023290,2026-02-12,non_payment,collections_writeoff,85422,0
C0000791,2026-01-01,voluntary,price_too_high,90631,1
C0001504,2026-03-26,non_payment,collections_writeoff,48002,0
C0043232,2026-02-18,relocation,moved_out_of_footprint,46830,0
C0003973,2026-02-09,non_payment,collections_writeoff,71568,1
C0007682,2026-01-14,voluntary,price_too_high,41092,0
C0022467,2026-01-27,involuntary,deceased,49849,0
C0049991,2026-03-09,voluntary,service_quality,84147,1
C0042703,2026-01-31,voluntary,competitor_fiber,53384,1
C0048608,2026-02-23,relocation,moved_out_of_footprint,50682,1
C0046359,2026-03-04,non_payment,collections_writeoff,48002,0
C0002325,2026-01-08,voluntary,price_too_high,21931,1
C0035125,2026-01-19,involuntary,deceased,71061,1
C0038556,2026-02-05,non_payment,collections_writeoff,99820,1
C0033948,2026-01-12,involuntary,fraud,22726,1
C0030040,2026-01-06,voluntary,competitor_fiber,92139,1
C0007523,2026-01-30,involuntary,deceased,72611,1
C0024938,2026-03-08,non_payment,collections_writeoff,26270,0
C0014910,2026-02-22,voluntary,competitor_fiber,76339,0
C0041923,2026-03-31,non_payment,collections_writeoff,25464,1
C0000415,2026-02-17,voluntary,competitor_fiber,82345,0
C0017537,2026-02-28,involuntary,terms_violation,48318,0
C0010303,2026-01-11,non_payment,collections_writeoff,84155,0
C0029571,2026-03-16,non_payment,collections_writeoff,98559,1
C0034299,2026-01-13,voluntary,service_quality,15642,0
C0014062,2026-03-06,voluntary,competitor_fiber,81299,0
C0042725,2026-01-18,relocation,moved_out_of_footprint,92391,1
C0001940,2026-03-23,voluntary,service_quality,84338,1
C0028578,2026-02-20,involuntary,deceased,68710,1
C0015911,2026-01-10,voluntary,competitor_fiber,61397,1
C0025667,2026-03-17,non_payment,collections_writeoff,31609,0
C0037513,2026-03-14,non_payment,collections_writeoff,64760,0
C0012969,2026-01-08,relocation,moved_out_of_footprint,20239,0
C0039163,2026-02-25,non_payment,collections_writeoff,44145,0
C0047837,2026-03-26,voluntary,moved_to_competitor_5g,42290,1
C0022960,2026-01-17,non_payment,collections_writeoff,37754,1
C0007160,2026-01-31,voluntary,service_quality,58060,1
C0036664,2026-02-07,voluntary,competitor_fiber,28094,1
C0020890,2026-02-03,voluntary,moved_to_competitor_5g,70169,0
C0028136,2026-02-10,voluntary,service_quality,59197,1
C0037577,2026-02-20,voluntary,competitor_fiber,95846,0
C0034006,2026-03-31,voluntary,price_too_high,81021,0
C0004212,2026-02-11,involuntary,deceased,26899,1
C0033513,2026-02-10,voluntary,price_too_high,81299,0
C0043430,2026-02-27,non_payment,collections_writeoff,65058,0
C0043405,2026-02-04,voluntary,price_too_high,67946,1
C0016728,2026-01-30,voluntary,moved_to_competitor_5g,80363,1
C0044352,2026-01-10,voluntary,price_too_high,71568,1
C0020156,2026-01-26,voluntary,competitor_fiber,99034,1
C0048881,2026-01-18,non_payment,collections_writeoff,57668,1
C0045743,2026-03-16,non_payment,collections_writeoff,42290,1
C0043055,2026-01-14,relocation,moved_out_of_footprint,45413,0
C0033063,2026-01-20,voluntary,competitor_fiber,71226,0
C0019190,2026-01-14,non_payment,collections_writeoff,79069,0
C0027623,2026-01-22,voluntary,service_quality,99082,1
C0045108,2026-02-27,involuntary,fraud,13234,0
C0038922,2026-03-01,non_payment,collections_writeoff,18342,0
C0041710,2026-02-10,non_payment,collections_writeoff,69363,1
C0009735,2026-02-22,voluntary,competitor_fiber,21437,1
C0032120,2026-01-16,non_payment,collections_writeoff,37754,1
C0015247,2026-03-10,involuntary,fraud,97554,0
C0037406,2026-02-15,non_payment,collections_writeoff,92374,1
C0004341,2026-01-27,involuntary,deceased,66911,1
C0029895,2026-02-27,non_payment,collections_writeoff,46830,0
C0036763,2026-02-09,non_payment,collections_writeoff,53384,1
C0044879,2026-03-01,non_payment,collections_writeoff,35401,1
C0013906,2026-02-03,involuntary,terms_violation,70317,0
C0020550,2026-01-16,non_payment,collections_writeoff,33693,1
C0018254,2026-01-12,voluntary,moved_to_competitor_5g,95590,0
C0032574,2026-01-21,voluntary,service_quality,14646,0
C0016017,2026-03-29,non_payment,collections_writeoff,57943,1
C0044705,2026-02-08,voluntary,competitor_fiber,26899,1
C0026323,2026-03-31,voluntary,service_quality,84338,1
C0016750,2026-03-19,voluntary,service_quality,21437,1
C0032371,2026-01-06,involuntary,terms_violation,44517,0
C0027607,2026-01-28,voluntary,competitor_fiber,59214,1
C0044452,2026-02-11,voluntary,service_quality,90971,1
C0044712,2026-01-19,non_payment,collections_writeoff,95846,0
C0039416,2026-01-12,involuntary,terms_violation,36136,0
C0033906,2026-02-01,non_payment,collections_writeoff,53384,1
C0001667,2026-02-15,voluntary,service_quality,34200,1
C0018681,2026-02-20,involuntary,deceased,38047,1
C0009057,2026-03-07,non_payment,collections_writeoff,66347,0
C0042184,2026-01-07,relocation,moved_out_of_footprint,76290,0
C0000368,2026-03-28,voluntary,competitor_fiber,59197,1
C0006683,2026-02-08,non_payment,collections_writeoff,18775,0
C0000558,2026-02-03,voluntary,service_quality,16607,0
C0037465,2026-01-23,voluntary,competitor_fiber,66911,1
C0001269,2026-01-04,voluntary,price_too_high,63905,1
C0046655,2026-02-21,voluntary,service_quality,70968,1
C0024756,2026-02-27,voluntary,competitor_fiber,71061,1
C0043094,2026-03-13,non_payment,collections_writeoff,82345,0
C0025245,2026-03-12,non_payment,collections_writeoff,50682,1
C0045447,2026-02-01,voluntary,competitor_fiber,99034,1
C0047333,2026-01-13,non_payment,collections_writeoff,98559,1
C0033166,2026-03-01,non_payment,collections_writeoff,14892,1
C0037292,2026-01-14,voluntary,competitor_fiber,14892,1
C0007620,2026-01-18,non_payment,collections_writeoff,95590,0
C0042015,2026-01-16,involuntary,deceased,33693,1
C0030747,2026-01-02,voluntary,competitor_fiber,22726,1
C0018377,2026-01-08,voluntary,competitor_fiber,77889,1
C0040401,2026-01-29,non_payment,collections_writeoff,43102,1
C0026536,2026-01-17,voluntary,competitor_fiber,10348,1
C0014834,2026-01-26,voluntary,competitor_fiber,39661,0
C0037876,2026-02-21,voluntary,competitor_fiber,70548,0
C0016635,2026-02-17,non_payment,collections_writeoff,98559,1
C0000388,2026-03-29,voluntary,competitor_fiber,98436,1
C0005279,2026-03-22,non_payment,collections_writeoff,25352,0
C0048860,2026-03-24,non_payment,collections_writeoff,69363,1
C0003905,2026-01-11,voluntary,price_too_high,70755,1
C0047542,2026-03-16,non_payment,collections_writeoff,94492,0
C0043898,2026-03-17,voluntary,competitor_fiber,70317,0
C0045084,2026-02-03,involuntary,deceased,35401,1
C0041109,2026-01-10,non_payment,collections_writeoff,33562,0
C0003257,2026-01-03,non_payment,collections_writeoff,53486,0
C0042144,2026-01-09,non_payment,collections_writeoff,49226,0
C0009901,2026-01-26,voluntary,service_quality,34955,1
C0008277,2026-03-24,relocation,moved_out_of_footprint,19147,0
C0034587,2026-02-26,voluntary,service_quality,41092,0
C0049351,2026-01-17,involuntary,fraud,81021,0
C0030555,2026-01-12,non_payment,collections_writeoff,31609,0
C0001772,2026-02-12,non_payment,collections_writeoff,77328,0
C0034195,2026-01-16,voluntary,service_quality,22457,1
C0016744,2026-01-06,non_payment,collections_writeoff,55443,0
C0000473,2026-03-01,voluntary,service_quality,97173,0
C0021097,2026-01-07,voluntary,competitor_fiber,14200,0
C0047898,2026-01-22,involuntary,deceased,74546,1
C0031635,2026-03-15,involuntary,deceased,81963,0
C0015147,2026-02-25,non_payment,collections_writeoff,71226,0
C0032187,2026-02-20,voluntary,competitor_fiber,14646,0
C0038849,2026-03-05,non_payment,collections_writeoff,99179,0
C0003474,2026-01-04,voluntary,service_quality,11957,0
C0043220,2026-02-18,involuntary,terms_violation,39460,0
C0045546,2026-03-29,voluntary,service_quality,99820,1
C0038978,2026-02-24,non_payment,collections_writeoff,92391,1
C0029969,2026-01-23,voluntary,competitor_fiber,21747,1
C0000610,2026-02-15,voluntary,competitor_fiber,92139,1
C0031677,2026-01-28,voluntary,price_too_high,69363,1
C0017990,2026-01-24,non_payment,collections_writeoff,98559,1
C0048102,2026-02-05,voluntary,moved_to_competitor_5g,92374,1
C0018526,2026-02-05,non_payment,collections_writeoff,71934,0
C0025613,2026-02-27,voluntary,competitor_fiber,53384,1
C0033064,2026-01-20,voluntary,competitor_fiber,50550,0
C0032987,2026-01-05,non_payment,collections_writeoff,44145,0
C0029914,2026-03-20,voluntary,price_too_high,12914,1
C0035934,2026-03-21,voluntary,price_too_high,31397,0
C0032888,2026-03-20,voluntary,price_too_high,42290,1
C0012318,2026-02-01,involuntary,fraud,32658,0
C0040102,2026-03-24,voluntary,competitor_fiber,64745,0
C0046505,2026-02-07,non_payment,collections_writeoff,39460,0
C0037831,2026-03-05,voluntary,competitor_fiber,44535,1
C0015684,2026-02-22,non_payment,collections_writeoff,31397,0
C0015589,2026-03-12,voluntary,price_too_high,70434,0
C0037812,2026-03-03,voluntary,moved_to_competitor_5g,21747,1
C0021462,2026-01-08,voluntary,competitor_fiber,36218,0
C0028984,2026-01-12,voluntary,competitor_fiber,22726,1
C0040710,2026-02-05,voluntary,price_too_high,68710,1
C0005510,2026-02-19,involuntary,fraud,58915,1
C0032244,2026-01-18,voluntary,competitor_fiber,69374,0
C0031004,2026-02-23,non_payment,collections_writeoff,80363,1
C0026014,2026-01-26,relocation,moved_out_of_footprint,95873,0
C0004332,2026-03-24,voluntary,competitor_fiber,44535,1
C0004002,2026-03-09,voluntary,service_quality,59197,1
C0027695,2026-02-01,voluntary,service_quality,80959,0
C0012710,2026-03-22,relocation,moved_out_of_footprint,72611,1
C0014595,2026-03-11,non_payment,collections_writeoff,44918,0
C0021120,2026-01-03,non_payment,collections_writeoff,12914,1
C0043333,2026-02-18,voluntary,service_quality,58060,1
C0008943,2026-02-15,voluntary,service_quality,34955,1
C0044641,2026-03-03,involuntary,fraud,23394,0
C0009519,2026-03-11,voluntary,price_too_high,36970,0
C0030207,2026-03-04,non_payment,collections_writeoff,16607,0
C0009287,2026-02-14,non_payment,collections_writeoff,99196,0
C0021002,2026-03-14,non_payment,collections_writeoff,66347,0
C0003483,2026-03-06,involuntary,deceased,92139,1
C0002339,2026-02-11,relocation,moved_out_of_footprint,63905,1
C0014800,2026-02-19,non_payment,collections_writeoff,13234,0
C0017445,2026-02-04,involuntary,fraud,22726,1
C0029913,2026-01-24,voluntary,service_quality,70548,0
C0042858,2026-01-04,non_payment,collections_writeoff,37608,1
C0018053,2026-02-10,involuntary,terms_violation,23394,0
C0014842,2026-03-18,involuntary,fraud,99196,0
C0026514,2026-01-29,voluntary,competitor_fiber,24665,1
C0037489,2026-01-04,non_payment,collections_writeoff,69363,1
C0025749,2026-02-05,involuntary,fraud,65058,0
C0033910,2026-01-08,non_payment,collections_writeoff,39661,0
C0027757,2026-03-02,voluntary,competitor_fiber,39460,0
C0004635,2026-03-09,non_payment,collections_writeoff,58648,0
C0013482,2026-02-15,involuntary,fraud,64745,0
C0016645,2026-03-16,non_payment,collections_writeoff,13234,0
C0033317,2026-01-30,non_payment,collections_writeoff,12914,1
C0040918,2026-01-21,voluntary,price_too_high,42052,0
C0026132,2026-01-13,non_payment,collections_writeoff,46443,0
C0044451,2026-02-01,voluntary,moved_to_competitor_5g,26899,1
C0029336,2026-03-26,non_payment,collections_writeoff,94681,1
C0005874,2026-01-31,non_payment,collections_writeoff,49965,1
C0033364,2026-02-04,non_payment,collections_writeoff,23944,1
C0007209,2026-03-10,non_payment,collections_writeoff,54807,1
C0045085,2026-01-08,voluntary,competitor_fiber,59197,1
C0015639,2026-01-29,involuntary,deceased,84437,0
C0022101,2026-03-15,non_payment,collections_writeoff,21864,1
C0011666,2026-02-19,non_payment,collections_writeoff,42052,0
C0027313,2026-02-15,voluntary,competitor_fiber,84338,1
C0000990,2026-01-23,voluntary,service_quality,84338,1
C0017193,2026-01-23,non_payment,collections_writeoff,77889,1
C0039770,2026-01-31,non_payment,collections_writeoff,63870,0
C0002696,2026-03-17,non_payment,collections_writeoff,96473,1
C0010919,2026-02-10,voluntary,competitor_fiber,15712,0
C0028349,2026-03-31,non_payment,collections_writeoff,66911,1
C0002619,2026-02-15,non_payment,collections_writeoff,63870,0
C0039579,2026-03-17,non_payment,collections_writeoff,13234,0
C0033693,2026-01-04,non_payment,collections_writeoff,71228,0
C0043323,2026-03-31,non_payment,collections_writeoff,99820,1
C0040001,2026-02-15,voluntary,service_quality,98436,1
C0009790,2026-03-14,non_payment,collections_writeoff,71413,0
C0030971,2026-03-14,involuntary,fraud,66911,1
C0044291,2026-01-19,voluntary,competitor_fiber,75244,0
C0002007,2026-03-14,non_payment,collections_writeoff,84185,0
C0001815,2026-01-25,non_payment,collections_writeoff,21931,1
C0043875,2026-03-05,non_payment,collections_writeoff,82925,0
C0003347,2026-03-11,non_payment,collections_writeoff,74546,1
C0006155,2026-02-09,voluntary,competitor_fiber,71568,1
C0011288,2026-01-23,voluntary,price_too_high,70755,1
C0035764,2026-03-04,voluntary,price_too_high,34200,1
C0009098,2026-01-05,non_payment,collections_writeoff,47558,0
C0043478,2026-01-12,relocation,moved_out_of_footprint,25352,0
C0001044,2026-01-08,voluntary,service_quality,82565,1
C0023110,2026-01-30,involuntary,terms_violation,69374,0
C0013194,2026-03-19,non_payment,collections_writeoff,15642,0
C0043512,2026-01-29,voluntary,service_quality,58060,1
C0026381,2026-01-03,non_payment,collections_writeoff,69374,0
C0042524,2026-03-09,voluntary,competitor_fiber,42290,1
C0033702,2026-03-03,voluntary,price_too_high,99820,1
C0047683,2026-01-01,non_payment,collections_writeoff,71094,0
C0030170,2026-02-12,non_payment,collections_writeoff,64745,0
C0023410,2026-03-20,relocation,moved_out_of_footprint,64760,0
C0004539,2026-01-26,non_payment,collections_writeoff,50859,1
C0007705,2026-01-17,non_payment,collections_writeoff,94681,1
C0000348,2026-02-13,voluntary,price_too_high,99196,0
C0041462,2026-01-23,voluntary,service_quality,33823,0
C0012162,2026-02-11,voluntary,price_too_high,76339,0
C0041861,2026-01-08,relocation,moved_out_of_footprint,21864,1
C0034395,2026-01-03,non_payment,collections_writeoff,94681,1
C0044486,2026-01-19,voluntary,service_quality,59214,1
C0004233,2026-03-17,non_payment,collections_writeoff,71226,0
C0025797,2026-01-19,non_payment,collections_writeoff,49226,0
C0012331,2026-01-15,non_payment,collections_writeoff,79069,0
C0046318,2026-03-09,non_payment,collections_writeoff,96434,0
C0017388,2026-02-16,involuntary,deceased,14493,1
C0000667,2026-01-10,non_payment,collections_writeoff,99082,1
C0007606,2026-02-17,non_payment,collections_writeoff,70755,1
C0012202,2026-03-26,non_payment,collections_writeoff,31609,0
C0018105,2026-02-20,voluntary,service_quality,49226,0
C0007706,2026-03-17,voluntary,competitor_fiber,82563,0
C0011790,2026-01-13,non_payment,collections_writeoff,34200,1
C0049867,2026-02-13,voluntary,price_too_high,26899,1
C0005542,2026-02-08,non_payment,collections_writeoff,70169,0
C0028547,2026-02-11,voluntary,moved_to_competitor_5g,10348,1
C0042026,2026-01-18,non_payment,collections_writeoff,72904,0
C0029988,2026-01-21,voluntary,competitor_fiber,55408,1
C0004718,2026-02-25,non_payment,collections_writeoff,38864,0
C0012389,2026-03-23,voluntary,moved_to_competitor_5g,53384,1
C0045582,2026-03-04,voluntary,service_quality,66911,1
C0023689,2026-03-25,voluntary,price_too_high,90971,1
C0017036,2026-02-10,voluntary,competitor_fiber,58915,1
C0002293,2026-01-23,voluntary,competitor_fiber,47558,0
C0024501,2026-03-13,voluntary,competitor_fiber,67946,1
C0005399,2026-03-30,voluntary,service_quality,27636,1
C0045640,2026-03-20,non_payment,collections_writeoff,44939,1
C0000334,2026-02-15,relocation,moved_out_of_footprint,96434,0
C0000043,2026-01-29,voluntary,competitor_fiber,38047,1
C0012633,2026-03-27,non_payment,collections_writeoff,35401,1
C0047823,2026-03-17,non_payment,collections_writeoff,94681,1
C0022912,2026-01-23,voluntary,price_too_high,39460,0
C0005154,2026-02-18,non_payment,collections_writeoff,97173,0
C0010161,2026-02-09,voluntary,price_too_high,15642,0
C0015000,2026-03-30,non_payment,collections_writeoff,81963,0
C0044554,2026-02-07,non_payment,collections_writeoff,84437,0
C0048747,2026-01-17,voluntary,price_too_high,99179,0
C0019059,2026-01-23,voluntary,price_too_high,55408,1
C0000231,2026-01-01,non_payment,collections_writeoff,99577,0
C0019505,2026-03-31,voluntary,price_too_high,91235,0
C0035331,2026-03-15,voluntary,service_quality,50859,1
C0006454,2026-02-20,non_payment,collections_writeoff,63402,0
C0002612,2026-03-14,non_payment,collections_writeoff,27636,1
C0048558,2026-01-05,voluntary,moved_to_competitor_5g,41092,0
C0039128,2026-01-24,voluntary,competitor_fiber,11957,0
C0002867,2026-03-19,non_payment,collections_writeoff,14892,1
C0045308,2026-02-10,non_payment,collections_writeoff,82951,1
C0021135,2026-03-20,voluntary,price_too_high,81021,0
C0016397,2026-01-29,voluntary,price_too_high,59197,1
C0016386,2026-03-23,relocation,moved_out_of_footprint,96434,0
C0006653,2026-03-14,non_payment,collections_writeoff,33823,0
C0025072,2026-01-14,voluntary,price_too_high,53384,1
C0009038,2026-03-05,non_payment,collections_writeoff,74521,0
C0009125,2026-01-19,voluntary,competitor_fiber,21797,0
C0030223,2026-02-12,involuntary,deceased,67946,1
C0035874,2026-01-10,voluntary,competitor_fiber,42290,1
C0023859,2026-01-31,non_payment,collections_writeoff,50859,1
C0009084,2026-02-14,relocation,moved_out_of_footprint,64874,0
C0049033,2026-02-10,non_payment,collections_writeoff,21747,1
C0025665,2026-01-22,non_payment,collections_writeoff,42052,0
C0000618,2026-03-23,non_payment,collections_writeoff,64874,0
C0033019,2026-01-12,relocation,moved_out_of_footprint,66347,0
C0010755,2026-03-27,non_payment,collections_writeoff,42290,1
C0045728,2026-03-23,non_payment,collections_writeoff,55408,1
C0015570,2026-02-12,voluntary,price_too_high,15642,0
C0002184,2026-02-27,voluntary,competitor_fiber,92391,1
C0036629,2026-01-02,involuntary,deceased,92139,1
C0001732,2026-02-03,involuntary,fraud,39367,1
C0048099,2026-01-27,non_payment,collections_writeoff,91235,0
C0001386,2026-02-01,voluntary,moved_to_competitor_5g,37608,1
C0019944,2026-03-30,voluntary,service_quality,92374,1
C0043909,2026-01-09,non_payment,collections_writeoff,55408,1
C0033777,2026-02-14,non_payment,collections_writeoff,35401,1
C0024453,2026-02-02,relocation,moved_out_of_footprint,62104,0
C0020314,2026-01-14,non_payment,collections_writeoff,71568,1
C0019225,2026-01-01,voluntary,service_quality,14646,0
C0003509,2026-01-07,relocation,moved_out_of_footprint,32658,0
C0049502,2026-02-19,involuntary,deceased,47558,0
C0033888,2026-02-26,non_payment,collections_writeoff,71226,0
C0019985,2026-02-23,voluntary,service_quality,63402,0
C0040967,2026-01-22,voluntary,competitor_fiber,81021,0
C0004466,2026-02-22,voluntary,moved_to_competitor_5g,53384,1
C0049496,2026-03-05,non_payment,collections_writeoff,38047,1
C0021856,2026-02-18,voluntary,moved_to_competitor_5g,63905,1
C0037057,2026-02-14,voluntary,price_too_high,48002,0
C0004992,2026-03-11,voluntary,price_too_high,70968,1
C0037648,2026-02-18,voluntary,competitor_fiber,71094,0
C0044199,2026-01-13,involuntary,terms_violation,71568,1
C0045979,2026-03-03,voluntary,competitor_fiber,78102,0
C0023746,2026-03-15,voluntary,competitor_fiber,81021,0
C0013271,2026-03-25,non_payment,collections_writeoff,70968,1
C0018343,2026-03-29,voluntary,competitor_fiber,61397,1
C0010144,2026-01-29,voluntary,competitor_fiber,14646,0
C0011834,2026-01-21,voluntary,competitor_fiber,99196,0
C0031783,2026-02-27,voluntary,price_too_high,26270,0
C0040873,2026-01-10,involuntary,fraud,10348,1
C0018197,2026-01-05,non_payment,collections_writeoff,31609,0
C0036727,2026-02-07,voluntary,price_too_high,72611,1
C0022034,2026-01-03,voluntary,moved_to_competitor_5g,43481,0
C0034068,2026-02-10,involuntary,deceased,71934,0
C0015082,2026-02-03,voluntary,competitor_fiber,37608,1
C0044179,2026-01-14,non_payment,collections_writeoff,57943,1
C0029086,2026-01-10,voluntary,competitor_fiber,23944,1
C0020011,2026-02-13,non_payment,collections_writeoff,38113,0
C0031635,2026-01-22,non_payment,collections_writeoff,81963,0
C0039625,2026-02-18,voluntary,competitor_fiber,92391,1
C0035830,2026-01-21,voluntary,service_quality,92391,1
C0024586,2026-01-10,voluntary,price_too_high,84338,1
C0046356,2026-03-12,non_payment,collections_writeoff,81021,0
C0028335,2026-01-12,voluntary,price_too_high,77328,0
C0027898,2026-02-13,voluntary,service_quality,92139,1
C0000158,2026-03-18,voluntary,service_quality,50623,0
C0046326,2026-03-20,non_payment,collections_writeoff,20366,1
C0010041,2026-03-03,voluntary,competitor_fiber,66911,1
C0002959,2026-01-04,non_payment,collections_writeoff,95590,0
C0008180,2026-02-25,voluntary,price_too_high,92374,1
C0022596,2026-03-25,voluntary,service_quality,67946,1
C0015311,2026-01-22,non_payment,collections_writeoff,80363,1
C0045030,2026-03-19,non_payment,collections_writeoff,96473,1
C0039424,2026-02-25,non_payment,collections_writeoff,58648,0
C0032474,2026-01-21,non_payment,collections_writeoff,33693,1
C0033551,2026-01-07,non_payment,collections_writeoff,37608,1
C0011317,2026-01-13,non_payment,collections_writeoff,58060,1
C0010190,2026-02-12,voluntary,competitor_fiber,26899,1
C0029956,2026-01-27,relocation,moved_out_of_footprint,53616,0
C0033750,2026-01-25,non_payment,collections_writeoff,65704,0
C0040874,2026-02-22,non_payment,collections_writeoff,99196,0
C0025522,2026-03-31,involuntary,deceased,34200,1
C0003749,2026-03-12,voluntary,competitor_fiber,97554,0
C0002433,2026-03-11,non_payment,collections_writeoff,36970,0
C0001179,2026-02-03,non_payment,collections_writeoff,65704,0
C0002794,2026-03-26,involuntary,fraud,77889,1
C0026373,2026-02-06,non_payment,collections_writeoff,25464,1
C0037614,2026-02-08,voluntary,price_too_high,38022,1
C0011264,2026-01-31,non_payment,collections_writeoff,26899,1
C0022069,2026-01-13,voluntary,competitor_fiber,89248,0
C0043405,2026-01-07,non_payment,collections_writeoff,67946,1
C0032810,2026-02-20,relocation,moved_out_of_footprint,95873,0
C0014191,2026-03-15,non_payment,collections_writeoff,22726,1
C0004129,2026-03-12,non_payment,collections_writeoff,59214,1
C0044937,2026-03-04,voluntary,price_too_high,82345,0
C0046075,2026-01-20,non_payment,collections_writeoff,58060,1
C0012487,2026-01-07,voluntary,moved_to_competitor_5g,84147,1
C0030210,2026-02-16,voluntary,price_too_high,97173,0
C0022236,2026-01-01,involuntary,fraud,21551,0
C0009178,2026-02-24,voluntary,competitor_fiber,49965,1
C0003943,2026-01-12,voluntary,moved_to_competitor_5g,98559,1
C0046558,2026-02-07,voluntary,competitor_fiber,96434,0
C0018703,2026-03-26,non_payment,collections_writeoff,28094,1
C0041225,2026-03-22,non_payment,collections_writeoff,16607,0
C0039355,2026-03-18,voluntary,competitor_fiber,33823,0
C0041486,2026-03-03,voluntary,competitor_fiber,21931,1
C0010712,2026-01-26,voluntary,competitor_fiber,39367,1
C0045729,2026-01-13,involuntary,terms_violation,41592,0
C0021239,2026-01-04,involuntary,fraud,70434,0
C0047612,2026-01-27,voluntary,moved_to_competitor_5g,43102,1
C0024408,2026-01-22,non_payment,collections_writeoff,44535,1
C0004429,2026-03-23,involuntary,terms_violation,95846,0
C0043725,2026-02-07,non_payment,collections_writeoff,21437,1
C0001935,2026-01-11,involuntary,terms_violation,70317,0
C0034627,2026-03-02,non_payment,collections_writeoff,20366,1
C0000315,2026-01-15,voluntary,price_too_high,20239,0
C0048559,2026-02-09,voluntary,price_too_high,92374,1
C0048015,2026-02-20,voluntary,competitor_fiber,50623,0
C0007406,2026-03-02,non_payment,collections_writeoff,37754,1
C0020986,2026-03-04,voluntary,moved_to_competitor_5g,67946,1
C0032070,2026-03-26,non_payment,collections_writeoff,21551,0
C0005292,2026-02-03,voluntary,competitor_fiber,17727,1
C0016402,2026-01-12,voluntary,competitor_fiber,31397,0
C0022033,2026-03-24,voluntary,price_too_high,14493,1
C0002319,2026-03-11,voluntary,competitor_fiber,35401,1
C0012556,2026-02-19,non_payment,collections_writeoff,69330,0
C0044193,2026-01-24,voluntary,service_quality,84185,0
C0043697,2026-02-17,voluntary,service_quality,50859,1
C0044734,2026-02-18,non_payment,collections_writeoff,11957,0
C0025477,2026-02-17,non_payment,collections_writeoff,50550,0
C0049401,2026-01-24,non_payment,collections_writeoff,46830,0
C0018443,2026-02-27,non_payment,collections_writeoff,24665,1
C0036413,2026-01-06,non_payment,collections_writeoff,70548,0
C0024166,2026-02-03,non_payment,collections_writeoff,44535,1
C0000493,2026-02-26,non_payment,collections_writeoff,84338,1
C0013274,2026-03-01,voluntary,competitor_fiber,70755,1
C0015840,2026-02-03,voluntary,competitor_fiber,55408,1
C0005638,2026-01-29,involuntary,deceased,92139,1
C0018851,2026-02-04,non_payment,collections_writeoff,31397,0
C0014038,2026-03-14,non_payment,collections_writeoff,31397,0
C0013340,2026-01-08,voluntary,service_quality,59214,1
C0036206,2026-01-20,non_payment,collections_writeoff,36872,1
C0045956,2026-03-31,non_payment,collections_writeoff,85422,0
C0016552,2026-03-27,non_payment,collections_writeoff,38113,0
C0049316,2026-01-13,voluntary,moved_to_competitor_5g,70169,0
C0022329,2026-01-11,voluntary,service_quality,55883,0
C0034956,2026-03-27,non_payment,collections_writeoff,33562,0
C0047729,2026-02-14,voluntary,competitor_fiber,74521,0
C0042090,2026-03-11,involuntary,fraud,50550,0
C0017041,2026-02-22,voluntary,competitor_fiber,64810,1
C0037567,2026-03-17,non_payment,collections_writeoff,12914,1
C0029355,2026-01-30,voluntary,competitor_fiber,80363,1
C0011403,2026-03-12,voluntary,price_too_high,54807,1
C0035545,2026-01-08,non_payment,collections_writeoff,78102,0
C0004645,2026-02-19,voluntary,price_too_high,79069,0
C0037300,2026-03-08,relocation,moved_out_of_footprint,14644,0
C0026123,2026-02-23,voluntary,moved_to_competitor_5g,89248,0
C0031100,2026-03-10,voluntary,price_too_high,29795,0
C0002439,2026-03-29,non_payment,collections_writeoff,20239,0
C0005660,2026-03-02,non_payment,collections_writeoff,99179,0
C0006444,2026-03-15,non_payment,collections_writeoff,38022,1
C0043968,2026-01-31,non_payment,collections_writeoff,92391,1
C0035425,2026-03-02,involuntary,deceased,80363,1
C0018923,2026-02-08,non_payment,collections_writeoff,20239,0
C0039692,2026-01-11,non_payment,collections_writeoff,14892,1
C0048488,2026-02-20,non_payment,collections_writeoff,22726,1
C0013015,2026-01-05,non_payment,collections_writeoff,69363,1
C0038746,2026-03-06,non_payment,collections_writeoff,64760,0
C0012191,2026-03-15,non_payment,collections_writeoff,44918,0
C0012975,2026-03-08,voluntary,competitor_fiber,57668,1
C0046873,2026-03-15,voluntary,price_too_high,71568,1
C0014427,2026-03-28,voluntary,price_too_high,14892,1
C0002199,2026-03-21,non_payment,collections_writeoff,77889,1
C0020463,2026-01-19,involuntary,fraud,96434,0
C0026164,2026-01-16,involuntary,terms_violation,97554,0
C0040544,2026-02-27,involuntary,deceased,98559,1
C0011263,2026-01-23,voluntary,competitor_fiber,19147,0
C0017240,2026-01-22,voluntary,competitor_fiber,73118,0
C0015421,2026-01-28,non_payment,collections_writeoff,49756,0
C0013056,2026-01-25,voluntary,service_quality,81021,0
C0008976,2026-01-17,voluntary,moved_to_competitor_5g,47558,0
C0016771,2026-01-06,voluntary,price_too_high,61397,1
C0049634,2026-02-24,voluntary,competitor_fiber,82345,0
C0013314,2026-01-11,non_payment,collections_writeoff,24086,0
C0022033,2026-03-29,voluntary,price_too_high,14493,1
C0042958,2026-02-25,non_payment,collections_writeoff,58060,1
C0005198,2026-01-26,non_payment,collections_writeoff,33314,0
C0013790,2026-03-22,non_payment,collections_writeoff,70317,0
C0032558,2026-01-19,voluntary,service_quality,82925,0
C0009886,2026-03-18,non_payment,collections_writeoff,47558,0
C0005282,2026-02-03,voluntary,competitor_fiber,55443,0
C0010722,2026-02-10,voluntary,service_quality,44535,1
C0028007,2026-01-09,voluntary,moved_to_competitor_5g,76339,0
C0027264,2026-01-12,voluntary,moved_to_competitor_5g,36218,0
C0033267,2026-02-19,involuntary,terms_violation,49226,0
C0045553,2026-03-13,non_payment,collections_writeoff,49965,1
C0024931,2026-02-20,voluntary,competitor_fiber,82951,1
C0014927,2026-03-12,voluntary,service_quality,55443,0
C0009553,2026-02-11,voluntary,service_quality,44918,0
C0006368,2026-02-05,voluntary,competitor_fiber,14892,1
C0044692,2026-03-08,voluntary,service_quality,82565,1
C0048568,2026-02-28,non_payment,collections_writeoff,63651,0
C0030970,2026-01-02,voluntary,service_quality,22457,1
C0035077,2026-03-31,voluntary,service_quality,77889,1
C0009728,2026-03-21,voluntary,competitor_fiber,71061,1
C0040348,2026-03-17,involuntary,terms_violation,49965,1
C0015956,2026-03-08,voluntary,service_quality,57668,1
C0020570,2026-02-23,non_payment,collections_writeoff,47558,0
C0007528,2026-01-15,non_payment,collections_writeoff,22457,1
C0003797,2026-02-23,involuntary,deceased,59214,1
C0034299,2026-01-20,voluntary,moved_to_competitor_5g,15642,0
C0043871,2026-01-19,voluntary,service_quality,90971,1
C0020746,2026-03-14,non_payment,collections_writeoff,78299,0
C0028626,2026-03-17,voluntary,price_too_high,41592,0
C0004642,2026-03-16,voluntary,competitor_fiber,99034,1
C0014645,2026-01-13,voluntary,moved_to_competitor_5g,50623,0
C0028742,2026-01-14,involuntary,terms_violation,58060,1
C0007580,2026-03-14,voluntary,service_quality,12914,1
C0021071,2026-01-13,voluntary,service_quality,50859,1
C0042940,2026-02-06,involuntary,deceased,71061,1
C0040739,2026-03-10,non_payment,collections_writeoff,95590,0
C0042581,2026-02-14,non_payment,collections_writeoff,20366,1
C0039762,2026-02-22,voluntary,competitor_fiber,53486,0
C0006271,2026-02-03,voluntary,price_too_high,37608,1
C0033616,2026-02-19,non_payment,collections_writeoff,69363,1
C0015875,2026-03-25,voluntary,competitor_fiber,82954,0
C0013492,2026-03-04,involuntary,deceased,90971,1
C0023394,2026-03-15,voluntary,service_quality,82345,0
C0048007,2026-03-19,non_payment,collections_writeoff,23394,0
C0030206,2026-03-02,voluntary,moved_to_competitor_5g,39367,1
C0020052,2026-01-05,voluntary,moved_to_competitor_5g,92374,1
C0044256,2026-01-23,voluntary,competitor_fiber,32768,1
C0033759,2026-02-05,voluntary,competitor_fiber,90631,1
C0046236,2026-02-21,involuntary,deceased,41592,0
C0006416,2026-01-19,voluntary,competitor_fiber,59197,1
C0033317,2026-03-21,non_payment,collections_writeoff,12914,1
C0034144,2026-03-19,voluntary,service_quality,77889,1
C0015109,2026-03-29,involuntary,terms_violation,72904,0
C0009541,2026-03-30,non_payment,collections_writeoff,26899,1
C0002179,2026-02-21,non_payment,collections_writeoff,70968,1
C0004129,2026-01-05,non_payment,collections_writeoff,59214,1
C0028537,2026-02-20,non_payment,collections_writeoff,65058,0
C0038838,2026-02-12,voluntary,competitor_fiber,12914,1
C0007560,2026-03-30,non_payment,collections_writeoff,98559,1
C0015408,2026-01-31,involuntary,terms_violation,40418,0
C0045767,2026-01-07,involuntary,fraud,27636,1
C0007487,2026-03-02,voluntary,price_too_high,82954,0
C0013163,2026-02-04,voluntary,service_quality,44535,1
C0023588,2026-02-17,non_payment,collections_writeoff,92374,1
C0018851,2026-01-03,voluntary,competitor_fiber,31397,0
C0018957,2026-02-13,non_payment,collections_writeoff,66347,0
C0016019,2026-02-08,non_payment,collections_writeoff,92391,1
C0046921,2026-02-09,voluntary,service_quality,58060,1
C0014391,2026-02-05,voluntary,competitor_fiber,82954,0
C0015959,2026-03-04,non_payment,collections_writeoff,84147,1
C0032520,2026-03-31,non_payment,collections_writeoff,82954,0
C0000783,2026-03-29,non_payment,collections_writeoff,99577,0
C0028908,2026-01-13,voluntary,competitor_fiber,81021,0
C0029076,2026-01-30,non_payment,collections_writeoff,99179,0
C0012087,2026-01-18,involuntary,terms_violation,63402,0
C0020110,2026-02-08,non_payment,collections_writeoff,50859,1
C0002052,2026-02-26,voluntary,competitor_fiber,99577,0
C0046854,2026-02-11,non_payment,collections_writeoff,84185,0
C0039895,2026-02-04,voluntary,competitor_fiber,47558,0
C0049446,2026-02-23,relocation,moved_out_of_footprint,79069,0
C0022035,2026-03-19,involuntary,deceased,34725,1
C0020245,2026-03-24,non_payment,collections_writeoff,48002,0
C0033463,2026-01-12,non_payment,collections_writeoff,82951,1
C0031323,2026-01-25,non_payment,collections_writeoff,14493,1
C0035633,2026-02-26,voluntary,competitor_fiber,34955,1
C0028020,2026-01-28,relocation,moved_out_of_footprint,80959,0
C0049310,2026-02-22,voluntary,price_too_high,50623,0
C0026718,2026-03-04,voluntary,service_quality,71413,0
C0044432,2026-03-08,voluntary,moved_to_competitor_5g,29795,0
C0000962,2026-02-17,voluntary,competitor_fiber,24944,0
C0030377,2026-01-08,involuntary,deceased,11957,0
C0034008,2026-03-07,voluntary,service_quality,18342,0
C0046677,2026-01-21,voluntary,service_quality,72904,0
C0015613,2026-01-09,voluntary,service_quality,57943,1
C0008643,2026-02-09,involuntary,fraud,36970,0
C0022549,2026-03-06,voluntary,service_quality,25464,1
C0036090,2026-02-21,non_payment,collections_writeoff,19147,0
C0019388,2026-01-18,voluntary,service_quality,82954,0
C0019758,2026-03-09,voluntary,competitor_fiber,96473,1
C0025892,2026-03-14,voluntary,price_too_high,70169,0
C0048019,2026-01-04,voluntary,moved_to_competitor_5g,27636,1
C0016418,2026-01-23,relocation,moved_out_of_footprint,91235,0
C0048567,2026-01-25,non_payment,collections_writeoff,70169,0
C0000809,2026-01-26,involuntary,fraud,34955,1
C0008147,2026-01-08,involuntary,terms_violation,63402,0
C0030868,2026-02-01,non_payment,collections_writeoff,76339,0
C0009341,2026-01-05,non_payment,collections_writeoff,82954,0
C0019440,2026-02-28,non_payment,collections_writeoff,26270,0
C0029086,2026-01-07,voluntary,price_too_high,23944,1
C0033626,2026-02-16,non_payment,collections_writeoff,38022,1
C0043271,2026-01-26,voluntary,competitor_fiber,55443,0
C0017252,2026-02-05,non_payment,collections_writeoff,73118,0
C0018425,2026-02-17,voluntary,competitor_fiber,45413,0
C0047792,2026-03-01,non_payment,collections_writeoff,12914,1
C0044048,2026-03-06,non_payment,collections_writeoff,11967,0
C0033646,2026-02-20,voluntary,moved_to_competitor_5g,95846,0
C0049690,2026-03-23,voluntary,competitor_fiber,57668,1
C0028865,2026-01-16,voluntary,competitor_fiber,67946,1
C0011784,2026-03-29,involuntary,terms_violation,82481,0
C0004529,2026-01-04,voluntary,price_too_high,63651,0
C0022072,2026-01-31,voluntary,price_too_high,11957,0
C0044397,2026-02-17,voluntary,service_quality,14493,1
C0011436,2026-03-04,involuntary,deceased,63870,0
C0013046,2026-03-18,voluntary,price_too_high,99082,1
C0003068,2026-02-27,voluntary,competitor_fiber,70968,1
C0026088,2026-01-23,non_payment,collections_writeoff,70169,0
C0027066,2026-03-02,non_payment,collections_writeoff,49756,0
C0020756,2026-03-17,non_payment,collections_writeoff,72904,0
C0018670,2026-03-12,voluntary,price_too_high,69363,1
C0023773,2026-02-14,voluntary,competitor_fiber,33823,0
C0012698,2026-02-14,non_payment,collections_writeoff,92374,1
C0044128,2026-01-21,non_payment,collections_writeoff,24944,0
C0023157,2026-02-03,voluntary,competitor_fiber,44145,0
C0019258,2026-03-30,voluntary,competitor_fiber,34200,1
C0034468,2026-01-12,non_payment,collections_writeoff,71094,0
C0004983,2026-02-06,non_payment,collections_writeoff,92391,1
C0037036,2026-01-04,non_payment,collections_writeoff,25352,0
C0006320,2026-02-19,voluntary,price_too_high,90971,1
C0015531,2026-01-07,involuntary,fraud,77889,1
C0000732,2026-01-21,voluntary,price_too_high,96434,0
C0020925,2026-03-15,voluntary,competitor_fiber,30476,1
C0004386,2026-01-28,non_payment,collections_writeoff,98559,1
C0022143,2026-01-29,non_payment,collections_writeoff,44918,0
C0009377,2026-03-24,voluntary,competitor_fiber,21747,1
C0011950,2026-01-29,voluntary,competitor_fiber,70317,0
C0048747,2026-03-28,non_payment,collections_writeoff,99179,0
C0015233,2026-01-27,voluntary,price_too_high,48002,0
C0036602,2026-02-04,non_payment,collections_writeoff,13234,0
C0046175,2026-03-25,non_payment,collections_writeoff,96952,0
C0020891,2026-02-22,non_payment,collections_writeoff,44535,1
C0040758,2026-03-07,involuntary,deceased,21551,0
C0021020,2026-01-03,non_payment,collections_writeoff,49849,0
C0015717,2026-03-29,voluntary,competitor_fiber,63905,1
C0011070,2026-01-02,non_payment,collections_writeoff,55443,0
C0011462,2026-03-02,non_payment,collections_writeoff,26270,0
C0049584,2026-01-17,voluntary,service_quality,77889,1
C0035593,2026-03-24,voluntary,service_quality,65704,0
C0007934,2026-01-23,non_payment,collections_writeoff,21747,1
C0046909,2026-03-18,involuntary,terms_violation,21747,1
C0019353,2026-01-02,non_payment,collections_writeoff,39460,0
C0014082,2026-01-29,voluntary,service_quality,44939,1
C0024828,2026-02-02,relocation,moved_out_of_footprint,40418,0
C0038187,2026-03-19,involuntary,fraud,64745,0
C0036027,2026-02-09,voluntary,price_too_high,95846,0
C0024976,2026-03-24,involuntary,deceased,95846,0
C0005067,2026-02-05,voluntary,service_quality,33314,0
C0036664,2026-02-24,non_payment,collections_writeoff,28094,1
C0031937,2026-02-18,non_payment,collections_writeoff,64760,0
C0015991,2026-02-14,non_payment,collections_writeoff,17727,1
C0002581,2026-02-28,non_payment,collections_writeoff,44918,0
C0048184,2026-02-02,non_payment,collections_writeoff,69374,0
C0012774,2026-01-28,non_payment,collections_writeoff,34725,1
C0045074,2026-03-01,non_payment,collections_writeoff,23394,0
C0048041,2026-02-08,involuntary,deceased,17727,1
C0038136,2026-03-28,voluntary,price_too_high,71228,0
C0043202,2026-03-08,voluntary,price_too_high,50859,1
C0001585,2026-03-21,non_payment,collections_writeoff,36970,0
C0016052,2026-02-20,voluntary,service_quality,92139,1
C0014800,2026-03-16,non_payment,collections_writeoff,13234,0
C0031815,2026-01-14,non_payment,collections_writeoff,72904,0
C0030983,2026-01-01,non_payment,collections_writeoff,23394,0
C0005531,2026-03-07,non_payment,collections_writeoff,31609,0
C0017190,2026-03-26,voluntary,moved_to_competitor_5g,80959,0
C0049815,2026-02-17,non_payment,collections_writeoff,28094,1
C0025838,2026-03-13,non_payment,collections_writeoff,38864,0
C0025747,2026-03-24,voluntary,competitor_fiber,50550,0
C0033674,2026-03-18,voluntary,moved_to_competitor_5g,20366,1
C0031281,2026-03-19,non_payment,collections_writeoff,21864,1
C0023756,2026-02-06,voluntary,competitor_fiber,53486,0
C0042817,2026-02-08,voluntary,moved_to_competitor_5g,23394,0
C0016905,2026-03-29,non_payment,collections_writeoff,67946,1
C0031697,2026-01-14,non_payment,collections_writeoff,61397,1
C0010906,2026-03-03,voluntary,service_quality,12914,1
C0013543,2026-01-09,voluntary,service_quality,96952,0
C0033495,2026-02-13,voluntary,competitor_fiber,96473,1
C0015041,2026-02-05,non_payment,collections_writeoff,58915,1
C0018802,2026-03-23,voluntary,price_too_high,29795,0
C0022386,2026-02-11,relocation,moved_out_of_footprint,24944,0
C0006401,2026-02-05,non_payment,collections_writeoff,65704,0
C0044588,2026-02-03,non_payment,collections_writeoff,24665,1
C0005342,2026-03-25,involuntary,terms_violation,14644,0
C0012233,2026-03-25,voluntary,moved_to_competitor_5g,22726,1
C0012983,2026-02-08,voluntary,service_quality,70317,0
C0029127,2026-01-25,non_payment,collections_writeoff,63651,0
C0026171,2026-01-20,non_payment,collections_writeoff,37608,1
C0043960,2026-03-08,non_payment,collections_writeoff,36872,1
C0025402,2026-01-31,non_payment,collections_writeoff,58915,1
C0005978,2026-01-08,non_payment,collections_writeoff,21797,0
C0027436,2026-03-18,involuntary,terms_violation,50623,0
C0003880,2026-02-21,voluntary,competitor_fiber,96473,1
C0039484,2026-03-26,non_payment,collections_writeoff,11967,0
C0042109,2026-02-10,non_payment,collections_writeoff,81021,0
C0027554,2026-03-29,non_payment,collections_writeoff,96952,0
C0002433,2026-01-18,non_payment,collections_writeoff,36970,0
C0013695,2026-01-04,voluntary,service_quality,92391,1
C0033219,2026-03-25,non_payment,collections_writeoff,49226,0
C0036828,2026-03-05,non_payment,collections_writeoff,25464,1
C0033745,2026-02-07,involuntary,terms_violation,39367,1
C0027680,2026-02-03,voluntary,service_quality,58915,1
C0002497,2026-02-23,voluntary,moved_to_competitor_5g,11957,0
C0016077,2026-02-21,non_payment,collections_writeoff,67946,1
C0036631,2026-02-19,voluntary,competitor_fiber,85422,0
C0007801,2026-01-05,involuntary,deceased,14892,1
C0008376,2026-03-16,voluntary,competitor_fiber,53384,1
C0000765,2026-03-15,non_payment,collections_writeoff,19147,0
C0021864,2026-01-25,non_payment,collections_writeoff,59214,1
C0002965,2026-02-13,voluntary,moved_to_competitor_5g,75244,0
C0022328,2026-01-29,voluntary,competitor_fiber,81963,0
C0011333,2026-03-29,non_payment,collections_writeoff,69330,0
C0048543,2026-03-10,voluntary,moved_to_competitor_5g,66347,0
C0016362,2026-03-23,non_payment,collections_writeoff,53616,0
C0035779,2026-03-02,non_payment,collections_writeoff,58060,1
C0010984,2026-03-27,non_payment,collections_writeoff,50550,0
C0045883,2026-02-15,involuntary,deceased,99577,0
C0033273,2026-03-06,voluntary,competitor_fiber,82345,0
C0047429,2026-02-08,involuntary,fraud,76290,0
C0038638,2026-01-22,relocation,moved_out_of_footprint,46830,0
C0005492,2026-03-26,voluntary,price_too_high,36872,1
C0046730,2026-03-13,non_payment,collections_writeoff,23394,0
C0003099,2026-01-24,non_payment,collections_writeoff,82345,0
C0029991,2026-02-07,non_payment,collections_writeoff,50623,0
C0038867,2026-01-13,involuntary,terms_violation,32768,1
C0001843,2026-03-02,non_payment,collections_writeoff,22726,1
C0026350,2026-01-17,voluntary,competitor_fiber,58060,1
C0046558,2026-02-03,non_payment,collections_writeoff,96434,0
C0011582,2026-03-13,involuntary,deceased,71061,1
C0004566,2026-01-24,non_payment,collections_writeoff,27636,1
C0043397,2026-03-29,non_payment,collections_writeoff,11739,0
C0007423,2026-02-12,non_payment,collections_writeoff,21864,1
C0036466,2026-03-25,non_payment,collections_writeoff,64745,0
C0009397,2026-01-12,voluntary,service_quality,33562,0
C0013935,2026-01-29,non_payment,collections_writeoff,80959,0
C0002099,2026-02-15,non_payment,collections_writeoff,64760,0
C0029641,2026-01-29,non_payment,collections_writeoff,16607,0
C0041581,2026-02-09,voluntary,service_quality,94681,1
C0026532,2026-02-23,voluntary,price_too_high,34200,1
C0032070,2026-02-12,non_payment,collections_writeoff,21551,0
C0011454,2026-02-17,non_payment,collections_writeoff,64745,0
C0049631,2026-02-03,involuntary,terms_violation,12914,1
C0025541,2026-03-16,non_payment,collections_writeoff,70968,1
C0017305,2026-02-07,voluntary,moved_to_competitor_5g,99820,1
C0043557,2026-03-01,non_payment,collections_writeoff,17727,1
C0025829,2026-01-16,voluntary,competitor_fiber,99082,1
C0043507,2026-03-02,voluntary,service_quality,54807,1
C0031785,2026-01-07,voluntary,price_too_high,22457,1
C0031109,2026-03-23,voluntary,moved_to_competitor_5g,14644,0
C0047105,2026-03-16,voluntary,price_too_high,96952,0
C0022882,2026-03-16,voluntary,service_quality,59197,1
C0004834,2026-03-21,non_payment,collections_writeoff,44517,0
C0043676,2026-01-10,voluntary,competitor_fiber,24665,1
C0049297,2026-03-02,voluntary,competitor_fiber,69363,1
C0013556,2026-01-25,relocation,moved_out_of_footprint,72611,1
C0025611,2026-03-06,non_payment,collections_writeoff,58060,1
C0001793,2026-01-16,voluntary,competitor_fiber,99820,1
C0044142,2026-03-29,voluntary,competitor_fiber,85846,1
C0035253,2026-02-18,relocation,moved_out_of_footprint,95590,0
C0012789,2026-03-09,involuntary,terms_violation,33693,1
C0041282,2026-02-08,voluntary,moved_to_competitor_5g,25464,1
C0024219,2026-02-22,involuntary,fraud,44918,0
C0013314,2026-01-07,involuntary,terms_violation,24086,0
C0041174,2026-01-20,non_payment,collections_writeoff,54807,1
C0036552,2026-01-18,voluntary,competitor_fiber,99820,1
C0019330,2026-01-26,voluntary,moved_to_competitor_5g,73118,0
C0007861,2026-02-13,voluntary,price_too_high,78102,0
C0027906,2026-02-22,non_payment,collections_writeoff,58648,0
C0006289,2026-03-14,non_payment,collections_writeoff,80363,1
C0049581,2026-02-28,non_payment,collections_writeoff,18342,0
C0005446,2026-01-19,non_payment,collections_writeoff,39262,0
C0010157,2026-02-10,non_payment,collections_writeoff,99820,1
C0047949,2026-01-24,voluntary,service_quality,10348,1
C0005182,2026-01-11,voluntary,competitor_fiber,16607,0
C0037529,2026-03-04,non_payment,collections_writeoff,46443,0
C0041492,2026-02-12,voluntary,price_too_high,90631,1
C0046972,2026-03-22,non_payment,collections_writeoff,99082,1
C0018087,2026-01-23,non_payment,collections_writeoff,76290,0
C0006119,2026-02-10,non_payment,collections_writeoff,94681,1
C0006062,2026-03-23,voluntary,competitor_fiber,21437,1
C0003053,2026-01-08,voluntary,moved_to_competitor_5g,30476,1
C0014067,2026-01-01,non_payment,collections_writeoff,70317,0
C0005004,2026-02-27,voluntary,competitor_fiber,59214,1
C0009133,2026-02-05,voluntary,moved_to_competitor_5g,23394,0
C0014666,2026-01-27,non_payment,collections_writeoff,70548,0
C0041583,2026-01-22,involuntary,deceased,36872,1
C0023856,2026-03-15,non_payment,collections_writeoff,44939,1
C0044987,2026-01-21,non_payment,collections_writeoff,23801,0
C0003344,2026-03-04,non_payment,collections_writeoff,23944,1
C0015051,2026-01-12,non_payment,collections_writeoff,31609,0
C0044526,2026-01-17,non_payment,collections_writeoff,17727,1
C0016104,2026-03-20,voluntary,competitor_fiber,22457,1
C0047372,2026-02-25,non_payment,collections_writeoff,34955,1
C0015405,2026-03-23,voluntary,competitor_fiber,38022,1
C0016320,2026-02-24,voluntary,price_too_high,30476,1
C0007501,2026-02-21,non_payment,collections_writeoff,84185,0
C0033837,2026-02-24,involuntary,terms_violation,30476,1
C0045605,2026-03-03,non_payment,collections_writeoff,30476,1
C0027857,2026-02-19,voluntary,service_quality,59214,1
C0032250,2026-01-01,non_payment,collections_writeoff,71413,0
C0014626,2026-01-05,voluntary,service_quality,70968,1
C0046647,2026-03-10,non_payment,collections_writeoff,74521,0
C0031222,2026-01-26,voluntary,competitor_fiber,94681,1
C0039176,2026-02-17,non_payment,collections_writeoff,14493,1
C0003985,2026-01-02,voluntary,competitor_fiber,23944,1
C0048129,2026-02-11,non_payment,collections_writeoff,95590,0
C0034765,2026-03-09,relocation,moved_out_of_footprint,98436,1
C0016775,2026-01-25,non_payment,collections_writeoff,97554,0
C0023713,2026-01-03,non_payment,collections_writeoff,44517,0
C0043777,2026-03-28,voluntary,competitor_fiber,39262,0
C0025704,2026-01-01,voluntary,price_too_high,39661,0
C0024271,2026-03-22,voluntary,moved_to_competitor_5g,90971,1
C0018819,2026-02-01,voluntary,moved_to_competitor_5g,38047,1
C0018827,2026-01-29,voluntary,price_too_high,11957,0
C0048555,2026-03-30,non_payment,collections_writeoff,80363,1
C0016942,2026-02-14,non_payment,collections_writeoff,23394,0
C0021326,2026-02-09,relocation,moved_out_of_footprint,34200,1
C0025963,2026-01-17,non_payment,collections_writeoff,17727,1
C0038085,2026-01-14,voluntary,competitor_fiber,92391,1
C0038291,2026-02-19,non_payment,collections_writeoff,99179,0
C0032733,2026-03-06,voluntary,service_quality,74546,1
C0031703,2026-03-17,voluntary,competitor_fiber,95873,0
C0039391,2026-02-09,voluntary,service_quality,32768,1
C0027002,2026-01-22,relocation,moved_out_of_footprint,38113,0
C0022065,2026-01-09,voluntary,competitor_fiber,22726,1
C0033259,2026-01-06,involuntary,deceased,36970,0
C0018519,2026-02-08,voluntary,competitor_fiber,65704,0
C0011051,2026-02-07,non_payment,collections_writeoff,55443,0
C0036849,2026-02-28,relocation,moved_out_of_footprint,82951,1
C0026093,2026-03-08,voluntary,price_too_high,82951,1
C0026435,2026-03-18,non_payment,collections_writeoff,82481,0
C0025650,2026-03-09,relocation,moved_out_of_footprint,71413,0
C0021473,2026-02-13,voluntary,service_quality,61397,1
C0030210,2026-02-25,non_payment,collections_writeoff,97173,0
C0047191,2026-03-29,voluntary,moved_to_competitor_5g,72904,0
C0042646,2026-01-18,voluntary,price_too_high,74546,1
C0020914,2026-02-13,voluntary,moved_to_competitor_5g,71226,0
C0015488,2026-03-04,non_payment,collections_writeoff,57943,1
C0037520,2026-02-15,involuntary,terms_violation,41592,0
C0009041,2026-01-25,voluntary,competitor_fiber,85846,1
C0018501,2026-01-22,non_payment,collections_writeoff,36218,0
C0008469,2026-02-21,relocation,moved_out_of_footprint,41592,0
C0001660,2026-01-03,voluntary,competitor_fiber,69363,1
C0027388,2026-01-30,voluntary,competitor_fiber,53384,1
C0003289,2026-01-29,non_payment,collections_writeoff,77889,1
C0031920,2026-01-17,non_payment,collections_writeoff,37608,1
C0036754,2026-01-28,voluntary,competitor_fiber,96952,0
C0002227,2026-01-03,non_payment,collections_writeoff,78102,0
C0031079,2026-03-17,voluntary,competitor_fiber,82951,1
C0019407,2026-03-06,voluntary,competitor_fiber,95846,0
C0005487,2026-01-22,non_payment,collections_writeoff,81963,0
C0025922,2026-01-16,involuntary,deceased,96952,0
C0013222,2026-02-16,voluntary,moved_to_competitor_5g,38022,1
C0024503,2026-03-25,relocation,moved_out_of_footprint,34955,1
C0002748,2026-01-05,non_payment,collections_writeoff,38666,0
C0027093,2026-02-18,relocation,moved_out_of_footprint,99179,0
C0014131,2026-03-23,involuntary,deceased,71094,0
C0036239,2026-02-02,relocation,moved_out_of_footprint,71934,0
C0002365,2026-03-10,voluntary,service_quality,14200,0
C0034509,2026-03-21,voluntary,competitor_fiber,45413,0
C0031232,2026-01-07,non_payment,collections_writeoff,47558,0
C0002772,2026-03-18,voluntary,service_quality,22726,1
C0010286,2026-01-07,relocation,moved_out_of_footprint,82565,1
C0018185,2026-03-26,voluntary,competitor_fiber,21747,1
C0005212,2026-01-14,non_payment,collections_writeoff,25352,0
C0002214,2026-03-25,voluntary,service_quality,69330,0
C0004780,2026-01-03,non_payment,collections_writeoff,55443,0
C0039991,2026-01-07,non_payment,collections_writeoff,22726,1
C0024648,2026-03-30,non_payment,collections_writeoff,44918,0
C0003834,2026-01-15,non_payment,collections_writeoff,90971,1
C0008598,2026-02-23,involuntary,deceased,44145,0
C0021876,2026-02-26,non_payment,collections_writeoff,82481,0
C0041311,2026-02-18,voluntary,competitor_fiber,99820,1
C0027223,2026-01-16,voluntary,price_too_high,80959,0
C0040347,2026-03-12,non_payment,collections_writeoff,15712,0
C0009520,2026-02-02,non_payment,collections_writeoff,21437,1
C0012521,2026-03-02,voluntary,service_quality,99034,1
C0037612,2026-03-31,non_payment,collections_writeoff,66911,1
C0012796,2026-01-20,non_payment,collections_writeoff,11957,0
C0049287,2026-01-27,voluntary,service_quality,90631,1
C0027863,2026-03-30,voluntary,competitor_fiber,91235,0
C0033578,2026-03-29,involuntary,fraud,81963,0
C0048725,2026-03-22,involuntary,fraud,27636,1
C0015318,2026-01-02,non_payment,collections_writeoff,37754,1
C0027730,2026-02-08,voluntary,price_too_high,14646,0
C0040129,2026-02-23,non_payment,collections_writeoff,15642,0
C0006533,2026-03-26,involuntary,terms_violation,53486,0
C0039542,2026-01-13,voluntary,service_quality,20239,0
C0041154,2026-03-26,non_payment,collections_writeoff,44939,1
C0007598,2026-03-08,voluntary,moved_to_competitor_5g,61397,1
C0011221,2026-02-04,non_payment,collections_writeoff,14892,1
C0039597,2026-03-21,voluntary,service_quality,35401,1
C0000056,2026-03-19,non_payment,collections_writeoff,50550,0
C0046985,2026-03-31,non_payment,collections_writeoff,21437,1
C0033201,2026-01-18,involuntary,terms_violation,39460,0
C0033433,2026-02-23,non_payment,collections_writeoff,64810,1
C0013651,2026-01-14,voluntary,price_too_high,44535,1
C0036135,2026-03-07,non_payment,collections_writeoff,20366,1
C0024428,2026-03-21,relocation,moved_out_of_footprint,36136,0
C0029640,2026-01-16,voluntary,competitor_fiber,73118,0
C0044346,2026-02-06,voluntary,competitor_fiber,18342,0
C0042587,2026-01-15,non_payment,collections_writeoff,37608,1
C0023829,2026-01-14,non_payment,collections_writeoff,50623,0
C0008926,2026-03-05,voluntary,competitor_fiber,20943,1
C0042128,2026-01-26,involuntary,fraud,91235,0
C0020357,2026-03-19,relocation,moved_out_of_footprint,38864,0
C0048008,2026-01-26,non_payment,collections_writeoff,84437,0
C0009407,2026-02-03,voluntary,competitor_fiber,58060,1
C0002873,2026-03-08,non_payment,collections_writeoff,54807,1
C0014941,2026-01-26,voluntary,competitor_fiber,53616,0
C0045903,2026-02-15,voluntary,price_too_high,21551,0
C0033146,2026-02-22,voluntary,moved_to_competitor_5g,20943,1
C0015893,2026-02-07,non_payment,collections_writeoff,18342,0
C0046807,2026-01-21,non_payment,collections_writeoff,80363,1
C0019071,2026-01-06,voluntary,service_quality,61397,1
C0044314,2026-03-12,voluntary,price_too_high,48002,0
C0002100,2026-03-05,voluntary,moved_to_competitor_5g,44535,1
C0041812,2026-01-27,non_payment,collections_writeoff,62104,0
C0046136,2026-03-30,voluntary,competitor_fiber,94681,1
C0017574,2026-03-03,voluntary,competitor_fiber,26270,0
C0032553,2026-02-12,non_payment,collections_writeoff,65704,0
C0028914,2026-01-31,non_payment,collections_writeoff,20239,0
C0032030,2026-01-01,involuntary,terms_violation,57943,1
C0019357,2026-01-02,voluntary,service_quality,26899,1
C0047477,2026-03-27,non_payment,collections_writeoff,59197,1
C0045331,2026-01-12,voluntary,competitor_fiber,24665,1
C0040847,2026-01-15,non_payment,collections_writeoff,54807,1
C0006325,2026-03-15,voluntary,competitor_fiber,59214,1
C0013874,2026-03-27,voluntary,price_too_high,14646,0
C0039341,2026-03-05,non_payment,collections_writeoff,99082,1
C0011862,2026-01-20,non_payment,collections_writeoff,50859,1
C0049031,2026-01-12,involuntary,fraud,44939,1
C0033046,2026-03-07,voluntary,competitor_fiber,71568,1
C0028679,2026-01-10,involuntary,deceased,63651,0
C0048476,2026-01-13,non_payment,collections_writeoff,99196,0
C0032637,2026-02-02,non_payment,collections_writeoff,39460,0
C0042936,2026-03-24,voluntary,competitor_fiber,30476,1
C0013949,2026-01-30,non_payment,collections_writeoff,37608,1
C0002556,2026-02-28,voluntary,service_quality,43102,1
C0019781,2026-02-07,non_payment,collections_writeoff,14493,1
C0022334,2026-02-03,voluntary,competitor_fiber,69363,1
C0038472,2026-03-01,non_payment,collections_writeoff,20239,0
C0022310,2026-01-07,voluntary,service_quality,54807,1
C0034242,2026-01-13,involuntary,fraud,89248,0
C0046665,2026-01-23,non_payment,collections_writeoff,38022,1
C0013595,2026-01-06,voluntary,competitor_fiber,72611,1
C0022157,2026-02-07,voluntary,competitor_fiber,92391,1
C0044894,2026-02-16,relocation,moved_out_of_footprint,94681,1
C0030888,2026-03-28,non_payment,collections_writeoff,36218,0
C0020427,2026-02-10,non_payment,collections_writeoff,74546,1
C0037956,2026-02-24,voluntary,price_too_high,21864,1
C0028407,2026-01-15,non_payment,collections_writeoff,34200,1
C0043216,2026-01-13,non_payment,collections_writeoff,97173,0
C0008870,2026-01-06,voluntary,competitor_fiber,14200,0
C0010764,2026-01-02,involuntary,deceased,39262,0
C0000644,2026-01-18,voluntary,competitor_fiber,90971,1
C0048675,2026-03-26,non_payment,collections_writeoff,82345,0
C0017128,2026-03-24,non_payment,collections_writeoff,38047,1
C0011746,2026-01-22,relocation,moved_out_of_footprint,44918,0
C0042846,2026-02-12,non_payment,collections_writeoff,71568,1
C0034260,2026-02-15,non_payment,collections_writeoff,85422,0
C0001088,2026-02-26,voluntary,service_quality,30476,1
C0002415,2026-03-21,voluntary,price_too_high,78299,0
C0013060,2026-02-04,relocation,moved_out_of_footprint,38047,1
C0041150,2026-01-12,non_payment,collections_writeoff,85422,0
C0035241,2026-02-17,involuntary,deceased,64810,1
C0030055,2026-02-13,involuntary,fraud,79069,0
C0002256,2026-01-24,voluntary,price_too_high,97554,0
C0005481,2026-01-15,voluntary,moved_to_competitor_5g,82951,1
C0001984,2026-02-21,non_payment,collections_writeoff,36218,0
C0023345,2026-02-21,non_payment,collections_writeoff,49849,0
C0001086,2026-02-28,voluntary,moved_to_competitor_5g,50682,1
C0035026,2026-02-04,voluntary,moved_to_competitor_5g,44535,1
C0029593,2026-02-19,non_payment,collections_writeoff,49226,0
C0033150,2026-03-30,voluntary,price_too_high,12914,1
C0016632,2026-03-03,voluntary,competitor_fiber,70968,1
C0027524,2026-02-23,voluntary,competitor_fiber,24086,0
C0006749,2026-03-25,relocation,moved_out_of_footprint,81299,0
C0047885,2026-01-22,relocation,moved_out_of_footprint,32658,0
C0018759,2026-01-15,non_payment,collections_writeoff,32768,1
C0035812,2026-01-17,non_payment,collections_writeoff,64874,0
C0014865,2026-03-31,non_payment,collections_writeoff,14644,0
C0038450,2026-01-08,voluntary,service_quality,34725,1
C0037159,2026-01-21,non_payment,collections_writeoff,77889,1
C0021463,2026-01-14,non_payment,collections_writeoff,40418,0
C0003352,2026-02-23,non_payment,collections_writeoff,76339,0
C0027217,2026-03-17,non_payment,collections_writeoff,33823,0
C0032799,2026-03-03,voluntary,competitor_fiber,31609,0
C0048318,2026-03-14,voluntary,competitor_fiber,98436,1
C0040363,2026-03-28,involuntary,terms_violation,66911,1
C0032349,2026-02-26,non_payment,collections_writeoff,37754,1
C0036106,2026-01-24,voluntary,competitor_fiber,71226,0
C0005986,2026-03-20,voluntary,competitor_fiber,38666,0
C0007091,2026-02-18,non_payment,collections_writeoff,33314,0
C0013026,2026-02-15,voluntary,competitor_fiber,98436,1
C0005923,2026-03-20,non_payment,collections_writeoff,63870,0
C0015767,2026-01-04,voluntary,moved_to_competitor_5g,50550,0
C0015140,2026-03-29,voluntary,competitor_fiber,35401,1
C0024868,2026-01-17,voluntary,competitor_fiber,38022,1
C0032793,2026-03-03,involuntary,fraud,63905,1
C0032328,2026-03-04,voluntary,service_quality,70968,1
C0024728,2026-01-15,involuntary,terms_violation,94492,0
C0023265,2026-02-22,voluntary,service_quality,39262,0
C0009737,2026-02-26,voluntary,price_too_high,71226,0
C0000061,2026-01-06,non_payment,collections_writeoff,64810,1
C0029258,2026-01-09,non_payment,collections_writeoff,82951,1
C0035544,2026-02-03,voluntary,price_too_high,80959,0
C0000588,2026-03-25,non_payment,collections_writeoff,39262,0
C0011759,2026-02-10,non_payment,collections_writeoff,53384,1
C0046619,2026-01-02,voluntary,service_quality,24944,0
C0020352,2026-03-28,non_payment,collections_writeoff,59214,1
C0003813,2026-03-09,non_payment,collections_writeoff,38864,0
C0036733,2026-03-15,involuntary,fraud,33823,0
C0040458,2026-03-14,non_payment,collections_writeoff,71413,0
C0032119,2026-01-29,relocation,moved_out_of_footprint,18775,0
C0009928,2026-03-27,voluntary,service_quality,42290,1
C0035033,2026-02-13,non_payment,collections_writeoff,73118,0
C0039312,2026-03-08,non_payment,collections_writeoff,23394,0
C0041286,2026-03-08,non_payment,collections_writeoff,82563,0
C0011667,2026-03-30,involuntary,fraud,46443,0
C0001658,2026-03-31,involuntary,deceased,94681,1
C0043912,2026-03-21,voluntary,service_quality,67946,1
C0025698,2026-01-13,voluntary,competitor_fiber,55408,1
C0038059,2026-02-25,non_payment,collections_writeoff,37754,1
C0012517,2026-03-26,voluntary,price_too_high,24086,0
C0008629,2026-02-01,non_payment,collections_writeoff,79069,0
C0013695,2026-03-03,voluntary,service_quality,92391,1
C0008215,2026-02-14,non_payment,collections_writeoff,50859,1
C0000434,2026-03-26,voluntary,service_quality,54807,1
C0030375,2026-03-28,voluntary,moved_to_competitor_5g,22726,1
C0001004,2026-03-24,voluntary,price_too_high,53384,1
C0039766,2026-02-19,relocation,moved_out_of_footprint,32658,0
C0018296,2026-01-20,non_payment,collections_writeoff,82565,1
C0002198,2026-03-13,relocation,moved_out_of_footprint,69330,0
C0026103,2026-03-20,voluntary,competitor_fiber,84155,0
C0007367,2026-01-07,voluntary,moved_to_competitor_5g,33314,0
C0010304,2026-01-02,voluntary,service_quality,63651,0
C0047057,2026-03-24,voluntary,competitor_fiber,39661,0
C0041435,2026-01-21,voluntary,price_too_high,38113,0
C0036843,2026-03-06,non_payment,collections_writeoff,82951,1
C0032133,2026-03-02,involuntary,terms_violation,20943,1
C0038084,2026-03-05,non_payment,collections_writeoff,65704,0
C0031028,2026-01-22,relocation,moved_out_of_footprint,71226,0
C0035756,2026-01-10,voluntary,price_too_high,94681,1
C0002284,2026-03-04,voluntary,moved_to_competitor_5g,20366,1
C0040169,2026-02-11,involuntary,fraud,81299,0
C0014515,2026-01-31,voluntary,service_quality,82565,1
C0008628,2026-02-12,relocation,moved_out_of_footprint,68710,1
C0021778,2026-02-05,voluntary,competitor_fiber,43102,1
C0008373,2026-01-07,non_payment,collections_writeoff,50682,1
C0047128,2026-03-06,non_payment,collections_writeoff,46830,0
C0013314,2026-01-29,non_payment,collections_writeoff,24086,0
C0025076,2026-03-12,voluntary,service_quality,24944,0
C0033495,2026-03-24,non_payment,collections_writeoff,96473,1
C0032790,2026-02-18,non_payment,collections_writeoff,90971,1
C0021802,2026-02-21,voluntary,competitor_fiber,82563,0
C0020741,2026-01-31,voluntary,competitor_fiber,98559,1
C0043846,2026-01-11,non_payment,collections_writeoff,49849,0
C0030157,2026-02-28,voluntary,competitor_fiber,57943,1
C0016021,2026-02-26,non_payment,collections_writeoff,17727,1
C0009092,2026-03-15,voluntary,competitor_fiber,70434,0
C0011813,2026-02-27,non_payment,collections_writeoff,78299,0
C0004030,2026-01-12,voluntary,service_quality,70548,0
C0011816,2026-03-05,voluntary,price_too_high,76290,0
C0000784,2026-02-27,non_payment,collections_writeoff,65704,0
C0011621,2026-02-10,non_payment,collections_writeoff,22457,1
C0028779,2026-01-16,voluntary,service_quality,25352,0
C0027026,2026-03-05,voluntary,price_too_high,34725,1
C0012976,2026-03-25,voluntary,moved_to_competitor_5g,82925,0
C0033850,2026-01-03,non_payment,collections_writeoff,42290,1
C0024765,2026-01-14,voluntary,service_quality,26899,1
C0033548,2026-02-21,non_payment,collections_writeoff,72904,0
C0005509,2026-02-22,non_payment,collections_writeoff,41092,0
C0038208,2026-01-05,voluntary,price_too_high,70968,1
C0045543,2026-03-13,non_payment,collections_writeoff,14644,0
C0021482,2026-03-12,non_payment,collections_writeoff,84147,1
C0039544,2026-01-01,non_payment,collections_writeoff,39460,0
C0007423,2026-01-12,voluntary,service_quality,21864,1
C0031554,2026-03-19,voluntary,price_too_high,82925,0
C0003675,2026-03-21,voluntary,moved_to_competitor_5g,64745,0
C0041067,2026-03-23,involuntary,terms_violation,95846,0
C0031474,2026-02-08,non_payment,collections_writeoff,44517,0
C0017204,2026-03-07,non_payment,collections_writeoff,99196,0
C0030788,2026-03-13,voluntary,moved_to_competitor_5g,98436,1
C0016170,2026-01-27,voluntary,service_quality,33823,0
C0036952,2026-03-25,voluntary,competitor_fiber,64810,1
C0010343,2026-03-27,non_payment,collections_writeoff,34725,1
C0020349,2026-02-28,voluntary,moved_to_competitor_5g,95873,0
C0041547,2026-02-13,non_payment,collections_writeoff,54807,1
C0036265,2026-02-16,voluntary,service_quality,82345,0
C0040594,2026-01-07,voluntary,competitor_fiber,67946,1
C0010338,2026-01-29,non_payment,collections_writeoff,36218,0
C0020680,2026-02-28,relocation,moved_out_of_footprint,25352,0
C0038693,2026-02-12,non_payment,collections_writeoff,21864,1
C0049015,2026-03-13,non_payment,collections_writeoff,50623,0
C0012337,2026-03-21,involuntary,terms_violation,38666,0
C0012160,2026-03-18,voluntary,moved_to_competitor_5g,36136,0
C0012596,2026-03-02,non_payment,collections_writeoff,85422,0
C0009623,2026-03-26,non_payment,collections_writeoff,71228,0
C0015140,2026-02-16,voluntary,service_quality,35401,1
C0024671,2026-02-27,voluntary,competitor_fiber,65704,0
C0002473,2026-01-15,voluntary,price_too_high,49756,0
C0009184,2026-01-13,non_payment,collections_writeoff,22726,1
C0029480,2026-03-26,non_payment,collections_writeoff,14646,0
C0031533,2026-01-29,non_payment,collections_writeoff,95590,0
C0041355,2026-01-01,involuntary,terms_violation,89248,0
C0047666,2026-02-13,voluntary,price_too_high,21864,1
C0038221,2026-02-15,non_payment,collections_writeoff,77328,0
C0049231,2026-03-23,non_payment,collections_writeoff,58915,1
C0035618,2026-02-07,voluntary,price_too_high,21437,1
C0004072,2025-10-30,voluntary,price,22457,1
C0024322,2025-10-14,voluntary,service_quality,33823,1
C0008909,2025-10-24,voluntary,competitor_offer,71061,0
C0026603,2025-12-25,voluntary,service_quality,18342,1
C0045973,2025-10-19,voluntary,service_quality,37608,0
C0019582,2025-11-03,voluntary,service_quality,36970,0
C0029387,2025-11-02,voluntary,service_quality,17727,1
C0016011,2025-10-11,voluntary,price,76290,0
C0048864,2025-11-06,voluntary,service_quality,13234,1
C0036566,2025-10-29,voluntary,price,71094,0
C0018473,2025-11-17,voluntary,service_quality,96473,0
C0021455,2025-10-16,voluntary,service_quality,14493,1
C0008050,2025-12-12,voluntary,price,15712,1
C0019202,2025-11-17,voluntary,competitor_offer,85422,1
C0016518,2025-10-20,voluntary,price,18775,1
C0032811,2025-11-17,voluntary,service_quality,75244,0
C0034137,2025-11-20,voluntary,service_quality,63402,1
C0035646,2025-10-02,voluntary,service_quality,76339,0
C0048936,2025-12-17,voluntary,competitor_offer,36218,1
C0035324,2025-12-01,voluntary,competitor_offer,50682,1
C0045559,2025-12-28,voluntary,service_quality,70548,1
C0042293,2025-10-14,voluntary,competitor_offer,95873,1
C0021697,2025-12-07,voluntary,price,25352,1
C0037552,2025-11-23,voluntary,competitor_offer,40418,0
C0008571,2025-10-18,voluntary,price,34725,0
C0015973,2025-10-04,voluntary,price,37608,1
C0004851,2025-11-02,voluntary,service_quality,84437,0
C0003465,2025-10-26,voluntary,service_quality,14646,1
C0040275,2025-11-26,voluntary,competitor_offer,44517,1
C0000178,2025-12-26,voluntary,competitor_offer,81963,1
C0012258,2025-11-21,voluntary,service_quality,49756,1
C0004660,2025-12-18,voluntary,competitor_offer,17727,0
C0035694,2025-12-06,voluntary,competitor_offer,64745,1
C0040265,2025-10-04,voluntary,price,70434,0
C0040036,2025-10-31,voluntary,competitor_offer,11739,1
C0014867,2025-11-21,voluntary,service_quality,19147,0
C0001121,2025-10-23,voluntary,service_quality,10348,1
C0015846,2025-11-27,voluntary,price,95590,0
C0006047,2025-11-27,voluntary,competitor_offer,84147,0
C0008740,2025-12-06,voluntary,competitor_offer,85846,1
C0018174,2025-12-19,voluntary,competitor_offer,62104,1
C0010797,2025-12-07,voluntary,price,79069,0
C0049456,2025-12-18,voluntary,price,49226,1
C0033042,2025-10-05,voluntary,price,44918,1
C0010633,2025-12-15,voluntary,service_quality,85846,1
C0025170,2025-10-31,voluntary,price,50550,1
C0046583,2025-11-19,voluntary,competitor_offer,64874,0
C0020371,2025-12-01,voluntary,price,21931,0
C0030553,2025-11-06,voluntary,competitor_offer,18342,1
C0035669,2025-11-15,voluntary,service_quality,81021,1
C0038644,2025-11-28,voluntary,competitor_offer,98436,0
C0014269,2025-12-23,voluntary,competitor_offer,67946,1
C0001442,2025-10-10,voluntary,price,84338,1
C0005346,2025-10-30,voluntary,service_quality,90971,1
C0029238,2025-12-27,voluntary,price,82481,1
C0000585,2025-12-04,voluntary,service_quality,41092,1
C0019855,2025-12-26,voluntary,service_quality,72904,0
C0025861,2025-11-12,voluntary,competitor_offer,29795,1
C0028112,2025-11-24,voluntary,price,33693,0
C0007707,2025-11-29,voluntary,service_quality,92391,1
C0037901,2025-12-16,voluntary,service_quality,47558,1
C0035876,2025-12-19,voluntary,competitor_offer,34725,1
C0009702,2025-11-20,voluntary,price,37608,1
C0010921,2025-10-19,voluntary,service_quality,63651,1
C0001240,2025-12-02,voluntary,service_quality,78299,1
C0005431,2025-12-07,voluntary,service_quality,62104,1
C0010105,2025-12-01,voluntary,competitor_offer,57668,1
C0037508,2025-10-29,voluntary,competitor_offer,94492,1
C0023105,2025-10-14,voluntary,price,76339,1
C0041594,2025-10-23,voluntary,service_quality,82481,1
C0017359,2025-12-19,voluntary,price,14493,1
C0009517,2025-10-24,voluntary,price,32658,0
C0000242,2025-12-24,voluntary,service_quality,69374,1
C0008562,2025-12-16,voluntary,competitor_offer,92391,1
C0006259,2025-10-02,voluntary,competitor_offer,39661,0
C0038415,2025-12-10,voluntary,competitor_offer,82565,1
C0028025,2025-11-05,voluntary,price,36136,1
C0019436,2025-11-16,voluntary,service_quality,50623,1
C0035080,2025-12-29,voluntary,service_quality,80363,1
C0011035,2025-10-30,voluntary,price,34955,1
C0022870,2025-10-19,voluntary,service_quality,58915,1
C0042706,2025-11-24,voluntary,competitor_offer,33562,0
C0017226,2025-11-18,voluntary,price,16607,1
C0020359,2025-11-13,voluntary,competitor_offer,26899,1
C0000740,2025-12-01,voluntary,service_quality,44145,0
C0030414,2025-11-05,voluntary,price,97173,0
C0024915,2025-10-14,voluntary,competitor_offer,50682,1
C0031773,2025-12-15,voluntary,price,95590,1
C0009508,2025-11-24,voluntary,price,21551,0
C0045050,2025-11-18,voluntary,competitor_offer,44535,0
C0023506,2025-11-08,voluntary,price,21931,1
C0003931,2025-11-19,voluntary,price,33314,1
C0034847,2025-11-28,voluntary,price,70968,1
C0034474,2025-12-09,voluntary,competitor_offer,98436,1
C0012175,2025-12-23,voluntary,competitor_offer,82925,0
C0046929,2025-10-30,voluntary,price,24665,1
C0024761,2025-12-06,voluntary,service_quality,70755,0
C0010110,2025-10-26,voluntary,price,54744,1
C0032407,2025-10-12,voluntary,service_quality,41592,1
C0043839,2025-10-29,voluntary,competitor_offer,90631,1
C0026604,2025-10-06,voluntary,price,20943,1
C0009277,2025-11-20,voluntary,service_quality,84155,1
C0037278,2025-12-24,voluntary,service_quality,48318,1
C0020497,2025-12-15,voluntary,price,96473,1
C0026349,2025-10-28,voluntary,price,74521,1
C0044062,2025-12-27,voluntary,price,98559,0
C0019022,2025-10-06,voluntary,price,99082,1
C0012732,2025-12-29,voluntary,competitor_offer,78299,0
C0005788,2025-10-23,voluntary,price,71061,1
C0048790,2025-12-11,voluntary,competitor_offer,95590,0
C0038372,2025-12-16,voluntary,service_quality,82954,1
C0048656,2025-11-17,voluntary,competitor_offer,14646,1
C0007973,2025-10-15,voluntary,service_quality,76290,0
C0022305,2025-11-03,voluntary,price,28094,0
C0024113,2025-12-19,voluntary,service_quality,10348,1
C0025641,2025-11-08,voluntary,price,64745,1
C0034744,2025-10-14,voluntary,competitor_offer,49226,1
C0018479,2025-11-19,voluntary,service_quality,20366,1
C0041011,2025-11-24,voluntary,service_quality,74546,1
C0021407,2025-11-10,voluntary,price,31397,0
C0034609,2025-10-09,voluntary,competitor_offer,57943,1
C0003874,2025-10-31,voluntary,competitor_offer,34200,1
C0004767,2025-11-25,voluntary,service_quality,33562,1
C0030294,2025-10-08,voluntary,competitor_offer,70317,1
C0005975,2025-11-26,voluntary,price,72904,1
C0046552,2025-12-28,voluntary,price,84437,0
C0030283,2025-11-21,voluntary,competitor_offer,32658,1
C0034671,2025-11-27,voluntary,price,69374,1
C0031545,2025-10-21,voluntary,price,54744,1
C0043537,2025-10-13,voluntary,competitor_offer,55443,1
C0009529,2025-11-12,voluntary,service_quality,84147,1
C0045010,2025-10-12,voluntary,service_quality,20366,0
C0027570,2025-11-28,voluntary,service_quality,14200,1
C0002442,2025-11-20,voluntary,service_quality,29795,1
C0015667,2025-11-02,voluntary,price,71061,0
C0015354,2025-10-04,voluntary,competitor_offer,63870,1
C0031668,2025-11-10,voluntary,price,68710,1
C0021236,2025-12-04,voluntary,competitor_offer,78299,0
C0012630,2025-11-30,voluntary,service_quality,59197,0
C0049427,2025-11-19,voluntary,competitor_offer,36970,1
C0049786,2025-11-06,voluntary,competitor_offer,74521,0
C0018419,2025-10-05,voluntary,price,44939,1
C0037534,2025-11-08,voluntary,price,66347,1
C0031059,2025-12-27,voluntary,service_quality,10348,1
C0004465,2025-10-12,voluntary,service_quality,20943,1
C0019459,2025-12-09,voluntary,service_quality,17727,1
C0009931,2025-10-25,voluntary,price,99196,0
C0031461,2025-11-30,voluntary,service_quality,42052,1
C0011997,2025-12-05,voluntary,price,67946,1
C0047879,2025-11-27,voluntary,price,90631,0
C0019716,2025-11-26,voluntary,service_quality,70169,1
C0024813,2025-10-14,voluntary,competitor_offer,95873,1
C0008581,2025-12-16,voluntary,competitor_offer,95873,1
C0041277,2025-10-16,voluntary,price,57943,1
C0011905,2025-11-09,voluntary,competitor_offer,38047,1
C0005180,2025-10-10,voluntary,service_quality,99034,0
C0028393,2025-12-22,voluntary,competitor_offer,18775,1
C0035918,2025-12-03,voluntary,service_quality,15642,1
C0026080,2025-12-11,voluntary,competitor_offer,71228,1
C0027405,2025-10-19,voluntary,price,82345,1
C0023679,2025-11-29,voluntary,competitor_offer,18342,1
C0041573,2025-10-14,voluntary,competitor_offer,72611,1
C0034687,2025-10-07,voluntary,price,99820,1
C0048713,2025-11-30,voluntary,service_quality,54807,1
C0008912,2025-11-24,voluntary,price,84437,1
C0030792,2025-12-17,voluntary,price,90631,0
C0045661,2025-11-08,voluntary,competitor_offer,46443,0
C0022272,2025-10-29,voluntary,price,43481,0
C0012218,2025-12-20,voluntary,service_quality,82481,1
C0001714,2025-11-08,voluntary,price,27636,1
C0032419,2025-11-27,voluntary,service_quality,82951,1
C0025393,2025-10-11,voluntary,price,26270,1
C0018385,2025-12-16,voluntary,competitor_offer,36872,1
C0009586,2025-12-09,voluntary,service_quality,65704,1
C0012045,2025-11-11,voluntary,price,48318,0
C0004853,2025-12-24,voluntary,price,14646,1
C0025671,2025-10-05,voluntary,competitor_offer,92391,1
C0009710,2025-11-12,voluntary,service_quality,38047,0
C0014403,2025-12-17,voluntary,competitor_offer,54807,0
C0007201,2025-10-02,voluntary,price,53486,0
C0040068,2025-10-25,voluntary,service_quality,50682,0
C0019486,2025-10-24,voluntary,service_quality,37754,1
C0016727,2025-11-29,voluntary,service_quality,59214,1
C0042951,2025-10-14,voluntary,price,21864,0
C0009968,2025-10-29,voluntary,competitor_offer,96473,1
C0028793,2025-10-03,voluntary,service_quality,45413,1
C0001893,2025-10-18,voluntary,service_quality,63905,1
C0033978,2025-12-22,voluntary,competitor_offer,89248,1
C0016923,2025-10-22,voluntary,price,70755,1
C0020526,2025-12-23,voluntary,price,48318,1
C0026843,2025-12-14,voluntary,price,37754,0
C0030115,2025-11-22,voluntary,service_quality,92374,1
C0008049,2025-11-22,voluntary,competitor_offer,50682,1
C0018771,2025-10-02,voluntary,price,15642,1
C0044795,2025-12-20,voluntary,competitor_offer,40418,1
C0049874,2025-10-13,voluntary,competitor_offer,46830,1
C0047228,2025-11-27,voluntary,price,33823,0
C0047412,2025-12-05,voluntary,price,43481,1
C0015967,2025-12-02,voluntary,price,69330,1
C0035317,2025-11-13,voluntary,price,84155,1
C0043272,2025-11-02,voluntary,service_quality,94681,1
C0000012,2025-12-25,voluntary,price,25352,1
C0015166,2025-12-26,voluntary,service_quality,39262,1
C0020098,2025-12-04,voluntary,price,41092,1
C0007107,2025-11-19,voluntary,price,23944,1
C0048118,2025-12-28,voluntary,competitor_offer,53384,1
C0033191,2025-12-06,voluntary,price,79069,0
C0036115,2025-10-29,voluntary,price,82565,1
C0011940,2025-10-20,voluntary,service_quality,41092,0
C0013257,2025-11-08,voluntary,price,19147,1
C0006647,2025-12-08,voluntary,service_quality,42052,0
C0032100,2025-11-13,voluntary,service_quality,95846,1
C0032651,2025-11-28,voluntary,competitor_offer,21864,1
C0047736,2025-11-30,voluntary,service_quality,23944,1
C0027923,2025-11-26,voluntary,price,21437,1
C0038628,2025-11-12,voluntary,service_quality,42052,1
C0024717,2025-12-03,voluntary,service_quality,14493,1
C0042773,2025-10-28,voluntary,competitor_offer,69330,0
C0000050,2025-11-26,voluntary,price,54807,0
C0043087,2025-10-15,voluntary,competitor_offer,69374,1
C0025678,2025-11-04,voluntary,price,50682,0
C0020774,2025-12-13,voluntary,service_quality,34200,1
C0028315,2025-10-11,voluntary,price,37608,1
C0042354,2025-10-06,voluntary,price,14493,1
C0043742,2025-12-20,voluntary,competitor_offer,58915,0
C0001805,2025-12-16,voluntary,competitor_offer,92139,1
C0010006,2025-10-27,voluntary,price,82565,1
C0033492,2025-11-20,voluntary,price,39460,0
C0047676,2025-11-18,voluntary,price,48002,0
C0015184,2025-12-29,voluntary,service_quality,95846,0
C0047255,2025-10-22,voluntary,competitor_offer,14493,1
C0025679,2025-12-26,voluntary,competitor_offer,53486,1
C0039502,2025-11-08,voluntary,competitor_offer,91235,1
C0003291,2025-11-22,voluntary,price,45413,1
C0049785,2025-10-22,voluntary,competitor_offer,97173,1
C0031833,2025-12-10,voluntary,competitor_offer,71568,0
C0039177,2025-11-17,voluntary,price,22726,1
C0047996,2025-10-19,voluntary,competitor_offer,54744,1
C0009128,2025-12-26,voluntary,price,82925,1
C0047029,2025-11-10,voluntary,service_quality,14892,1
C0035412,2025-11-22,voluntary,competitor_offer,57668,0
C0010781,2025-12-15,voluntary,competitor_offer,48002,1
C0024321,2025-11-23,voluntary,price,79069,1
C0023005,2025-11-29,voluntary,competitor_offer,97554,1
C0015017,2025-12-09,voluntary,competitor_offer,21551,1
C0003024,2025-10-03,voluntary,competitor_offer,38047,1
C0047668,2025-11-21,voluntary,service_quality,50859,1
C0024629,2025-12-16,voluntary,price,74521,0
C0043318,2025-12-12,voluntary,price,62104,1
C0040887,2025-11-24,voluntary,service_quality,77328,1
C0023917,2025-11-28,voluntary,competitor_offer,70169,0
C0003141,2025-11-04,voluntary,price,96952,0
C0048990,2025-12-29,voluntary,competitor_offer,20943,1
C0013049,2025-11-10,voluntary,competitor_offer,42052,1
C0038714,2025-12-05,voluntary,competitor_offer,89248,1
C0022741,2025-11-24,voluntary,service_quality,98436,1
C0048564,2025-12-21,voluntary,service_quality,80363,1
C0021175,2025-12-20,voluntary,service_quality,15642,1
C0027908,2025-10-18,voluntary,service_quality,50859,0
C0025127,2025-10-18,voluntary,service_quality,22726,1
C0045453,2025-12-18,voluntary,competitor_offer,11967,1
C0033715,2025-10-15,voluntary,price,12914,0
C0025677,2025-10-16,voluntary,service_quality,64745,1
C0046290,2025-10-14,voluntary,competitor_offer,71934,0
C0037280,2025-11-05,voluntary,service_quality,26270,1
C0022680,2025-11-28,voluntary,competitor_offer,30476,1
C0007213,2025-11-04,voluntary,service_quality,14493,1
C0040746,2025-10-21,voluntary,service_quality,58915,0
C0036547,2025-12-04,voluntary,service_quality,57943,1
C0048056,2025-10-18,voluntary,competitor_offer,70755,1
C0001126,2025-10-14,voluntary,price,49849,1
C0009708,2025-10-16,voluntary,price,32658,1
C0001287,2025-11-05,voluntary,competitor_offer,33314,1
C0030955,2025-10-21,voluntary,price,61397,1
C0040481,2025-11-18,voluntary,competitor_offer,11957,1
C0039007,2025-12-11,voluntary,price,14646,1
C0047597,2025-11-02,voluntary,competitor_offer,85846,1
C0008862,2025-10-15,voluntary,competitor_offer,36218,0
C0011300,2025-12-08,voluntary,price,92374,0
C0021140,2025-10-17,voluntary,service_quality,13234,0
C0024962,2025-10-29,voluntary,competitor_offer,67946,1
C0037225,2025-10-04,voluntary,service_quality,38047,1
C0044928,2025-10-16,voluntary,price,36970,0
C0027586,2025-11-15,voluntary,service_quality,62104,1
C0009596,2025-11-27,voluntary,price,78299,0
C0005506,2025-10-19,voluntary,service_quality,17727,1
C0021896,2025-11-09,voluntary,service_quality,95846,1
C0015864,2025-11-15,voluntary,price,36970,1
C0023753,2025-10-07,voluntary,service_quality,14644,0
C0001600,2025-10-05,voluntary,competitor_offer,42052,1
C0027010,2025-11-02,voluntary,service_quality,82563,1
C0009288,2025-11-10,voluntary,service_quality,82481,1
C0012992,2025-12-14,voluntary,service_quality,61397,1
C0011412,2025-12-03,voluntary,price,71228,1
C0009907,2025-11-13,voluntary,competitor_offer,38022,1
C0031347,2025-12-03,voluntary,competitor_offer,25352,1
C0033165,2025-10-06,voluntary,service_quality,70317,1
C0009958,2025-11-05,voluntary,service_quality,46830,0
C0039601,2025-10-23,voluntary,price,43102,0
C0026588,2025-10-04,voluntary,competitor_offer,50682,1
C0012088,2025-12-27,voluntary,service_quality,84338,1
C0015522,2025-12-13,voluntary,price,82345,0
C0008881,2025-11-17,voluntary,competitor_offer,14200,1
C0046250,2025-12-27,voluntary,service_quality,13234,1
C0034334,2025-10-26,voluntary,service_quality,15712,1
C0036194,2025-11-28,voluntary,service_quality,22457,0
C0046533,2025-11-11,voluntary,competitor_offer,76339,1
C0005537,2025-11-18,voluntary,service_quality,63651,0
C0021171,2025-12-15,voluntary,price,48002,1
C0034223,2025-12-26,voluntary,competitor_offer,12914,1
C0035538,2025-12-21,voluntary,service_quality,37608,1
C0035580,2025-12-16,voluntary,competitor_offer,33314,1
C0026246,2025-11-24,voluntary,price,50623,0
C0011009,2025-10-19,voluntary,price,82925,0
C0027176,2025-10-17,voluntary,service_quality,46830,1
C0031457,2025-11-17,voluntary,price,74546,0
C0049540,2025-12-16,voluntary,competitor_offer,99577,1
C0043236,2025-10-03,voluntary,service_quality,44517,0
C0049437,2025-10-28,voluntary,price,21797,0
C0018543,2025-10-08,voluntary,price,21931,1
C0000683,2025-11-16,voluntary,price,38047,0
C0005460,2025-10-13,voluntary,competitor_offer,54807,1
C0026775,2025-10-18,voluntary,price,70434,0
C0025102,2025-11-06,voluntary,competitor_offer,14644,0
C0018799,2025-12-20,voluntary,service_quality,48002,1
C0009715,2025-12-16,voluntary,competitor_offer,19147,0
C0041477,2025-10-17,voluntary,service_quality,81021,1
C0048125,2025-11-22,voluntary,competitor_offer,42052,1
C0009172,2025-12-07,voluntary,price,25464,1
C0014029,2025-11-16,voluntary,price,10348,0
C0036706,2025-10-22,voluntary,competitor_offer,96952,1
C0007986,2025-10-30,voluntary,competitor_offer,31609,0
C0023146,2025-11-06,voluntary,service_quality,19147,1
C0049618,2025-10-17,voluntary,service_quality,44145,0
C0029945,2025-10-31,voluntary,competitor_offer,98436,1
C0011605,2025-11-04,voluntary,competitor_offer,92374,0
C0025550,2025-10-23,voluntary,price,44535,0
C0007383,2025-10-20,voluntary,service_quality,50682,0
C0029429,2025-12-19,voluntary,competitor_offer,69330,0
C0021083,2025-11-02,voluntary,service_quality,70169,1
C0049363,2025-10-21,voluntary,price,11967,1
C0020769,2025-11-07,voluntary,service_quality,79069,1
C0029671,2025-11-14,voluntary,service_quality,70434,0
C0007034,2025-10-10,voluntary,service_quality,42290,1
C0010259,2025-12-08,voluntary,price,89248,0
C0025053,2025-11-01,voluntary,price,82345,1
C0047741,2025-12-01,voluntary,price,55443,0
C0036322,2025-11-23,voluntary,service_quality,84338,1
C0024963,2025-10-11,voluntary,service_quality,89248,1
C0015743,2025-12-28,voluntary,competitor_offer,21747,1
C0006758,2025-10-17,voluntary,service_quality,21551,0
C0039196,2025-11-01,voluntary,price,63402,0
C0006201,2025-10-12,voluntary,price,37608,0
C0004571,2025-12-11,voluntary,service_quality,89248,1
C0010792,2025-10-13,voluntary,price,80363,1
C0017378,2025-12-15,voluntary,competitor_offer,55883,1
C0037428,2025-11-23,voluntary,service_quality,90971,1
C0041433,2025-10-25,voluntary,price,99820,0
C0024041,2025-11-10,voluntary,service_quality,58915,1
C0035706,2025-12-07,voluntary,price,64760,1
C0047565,2025-11-24,voluntary,service_quality,64810,1
C0000245,2025-10-03,voluntary,service_quality,22726,1
C0027241,2025-11-08,voluntary,competitor_offer,97173,0
C0011423,2025-10-11,voluntary,service_quality,99082,0
C0040914,2025-12-17,voluntary,competitor_offer,94492,1
C0043852,2025-11-17,voluntary,competitor_offer,82925,1
C0027503,2025-10-23,voluntary,competitor_offer,38113,1
C0024119,2025-10-28,voluntary,competitor_offer,20943,1
C0036543,2025-11-02,voluntary,service_quality,98436,1
C0017285,2025-10-13,voluntary,competitor_offer,62104,1
C0027034,2025-12-13,voluntary,service_quality,43481,0
C0006607,2025-11-18,voluntary,price,92139,1
C0045853,2025-12-05,voluntary,price,44939,1
C0022081,2025-10-25,voluntary,service_quality,70755,0
C0035329,2025-11-01,voluntary,competitor_offer,57668,1
C0015865,2025-10-30,voluntary,price,84437,1
C0047929,2025-10-29,voluntary,competitor_offer,81299,0
C0032065,2025-10-22,voluntary,service_quality,71061,1
C0002091,2025-10-19,voluntary,service_quality,14646,1
C0031263,2025-11-28,voluntary,service_quality,95873,0
C0039096,2025-11-06,voluntary,competitor_offer,29795,0
C0007264,2025-12-18,voluntary,price,64874,1
C0011027,2025-11-26,voluntary,competitor_offer,84437,1
C0007847,2025-11-15,voluntary,service_quality,33823,1
C0028854,2025-10-24,voluntary,competitor_offer,38666,0
C0040062,2025-11-29,voluntary,competitor_offer,71568,1
C0045741,2025-12-18,voluntary,price,62104,0
C0010760,2025-12-10,voluntary,competitor_offer,23944,1
C0012597,2025-10-15,voluntary,competitor_offer,58060,1
C0001616,2025-11-02,voluntary,price,24944,0
C0029574,2025-11-11,voluntary,service_quality,94681,1
C0012468,2025-10-06,voluntary,competitor_offer,80959,1
C0034271,2025-12-27,voluntary,price,22726,0
C0008589,2025-11-13,voluntary,competitor_offer,39367,0
C0028869,2025-10-18,voluntary,price,42052,0
C0046173,2025-12-02,voluntary,price,92139,1
C0016434,2025-10-14,voluntary,price,45413,1
C0046343,2025-10-06,voluntary,competitor_offer,24665,1
C0020154,2025-10-26,voluntary,price,70755,1
C0041711,2025-11-15,voluntary,competitor_offer,58060,1
